GID,tif,median,percentile_95
1995_1241,1995_1241_rbr_w_offset.tif,237.328369140625,372.56597900390625
2021_1619,2021_1619_rbr_w_offset.tif,319.6374816894531,454.6418762207031
2001_371,2001_371_rbr_w_offset.tif,314.3930358886719,453.0464172363281
2011_731,2011_731_rbr_w_offset.tif,241.48550415039062,501.3522644042969
2003_735,2003_735_rbr_w_offset.tif,272.40264892578125,487.759033203125
1998_746,1998_746_rbr_w_offset.tif,219.64724731445312,382.7313232421875
2006_872,2006_872_rbr_w_offset.tif,257.01861572265625,330.99346923828125
2018_252,2018_252_rbr_w_offset.tif,241.97828674316406,363.5466003417969
2006_894,2006_894_rbr_w_offset.tif,-5.782310485839844,163.66571044921875
1994_55,1994_55_rbr_w_offset.tif,290.8558654785156,462.4978332519531
2015_1049,2015_1049_rbr_w_offset.tif,156.01727294921875,321.0812072753906
2006_676,2006_676_rbr_w_offset.tif,270.9206237792969,464.93115234375
1989_1078,1989_1078_rbr_w_offset.tif,212.42381286621094,414.0761413574219
2018_3146,2018_3146_rbr_w_offset.tif,196.6602020263672,386.1443786621094
2006_690,2006_690_rbr_w_offset.tif,288.96990966796875,481.16943359375
2015_1091,2015_1091_rbr_w_offset.tif,-66.14643859863281,319.45330810546875
1996_625,1996_625_rbr_w_offset.tif,51.75645446777344,349.0041198730469
2018_969,2018_969_rbr_w_offset.tif,151.5591583251953,347.8296203613281
1989_1342,1989_1342_rbr_w_offset.tif,272.9598083496094,412.7939147949219
1987_31,1987_31_rbr_w_offset.tif,217.57156372070312,379.5296630859375
1998_845,1998_845_rbr_w_offset.tif,232.24197387695312,354.994384765625
1995_848,1995_848_rbr_w_offset.tif,267.82958984375,431.64434814453125
1993_15,1993_15_rbr_w_offset.tif,-6.519333839416504,325.92938232421875
2017_2037,2017_2037_rbr_w_offset.tif,232.1080322265625,491.3312072753906
2024_501,2024_501_rbr_w_offset.tif,300.91510009765625,437.3835144042969
2012_604,2012_604_rbr_w_offset.tif,252.0897216796875,401.56298828125
1996_544,1996_544_rbr_w_offset.tif,308.7584533691406,497.77838134765625
1999_432,1999_432_rbr_w_offset.tif,0.0,0.0
1996_640,1996_640_rbr_w_offset.tif,232.5032501220703,510.38775634765625
1989_1319,1989_1319_rbr_w_offset.tif,358.6461486816406,510.9706115722656
1989_1124,1989_1124_rbr_w_offset.tif,207.13494873046875,381.239990234375
2006_714,2006_714_rbr_w_offset.tif,36.56983947753906,222.9805450439453
2018_736,2018_736_rbr_w_offset.tif,56.25194549560547,323.1593933105469
2011_557,2011_557_rbr_w_offset.tif,287.15509033203125,454.2544860839844
2001_314,2001_314_rbr_w_offset.tif,259.5973815917969,425.01153564453125
1988_20,1988_20_rbr_w_offset.tif,138.38839721679688,285.05120849609375
2005_598,2005_598_rbr_w_offset.tif,277.4252624511719,438.44915771484375
2003_750,2003_750_rbr_w_offset.tif,275.43328857421875,414.38323974609375
2013_728,2013_728_rbr_w_offset.tif,271.3352355957031,424.4974670410156
1992_34,1992_34_rbr_w_offset.tif,263.5225830078125,436.52532958984375
1991_82,1991_82_rbr_w_offset.tif,300.2977600097656,447.8241271972656
2021_2313,2021_2313_rbr_w_offset.tif,117.69562530517578,300.5693054199219
1995_1400,1995_1400_rbr_w_offset.tif,153.7330780029297,321.444091796875
1995_1205,1995_1205_rbr_w_offset.tif,185.67172241210938,304.3683166503906
1998_605,1998_605_rbr_w_offset.tif,175.59593200683594,351.0655822753906
2011_373,2011_373_rbr_w_offset.tif,387.255126953125,541.5059204101562
2021_1066,2021_1066_rbr_w_offset.tif,125.98577880859375,262.369140625
2002_559,2002_559_rbr_w_offset.tif,363.6787414550781,502.79412841796875
2018_913,2018_913_rbr_w_offset.tif,0.0,196.81298828125
2003_894,2003_894_rbr_w_offset.tif,301.2708740234375,416.8805236816406
1989_789,1989_789_rbr_w_offset.tif,-7.047951698303223,243.2646026611328
2019_605,2019_605_rbr_w_offset.tif,240.49766540527344,481.7641296386719
2013_933,2013_933_rbr_w_offset.tif,292.7286376953125,441.7864990234375
1996_583,1996_583_rbr_w_offset.tif,284.1930847167969,475.2545471191406
2012_1051,2012_1051_rbr_w_offset.tif,197.81533813476562,372.623291015625
2013_1193,2013_1193_rbr_w_offset.tif,312.8904113769531,477.8090515136719
2012_747,2012_747_rbr_w_offset.tif,275.7183837890625,405.5888671875
1996_604,1996_604_rbr_w_offset.tif,315.4665832519531,504.06304931640625
1989_1186,1989_1186_rbr_w_offset.tif,281.98077392578125,515.8228759765625
1998_882,1998_882_rbr_w_offset.tif,289.8318176269531,397.79833984375
2013_851,2013_851_rbr_w_offset.tif,267.8017883300781,456.84521484375
1995_869,1995_869_rbr_w_offset.tif,285.40386962890625,443.9576416015625
2006_750,2006_750_rbr_w_offset.tif,171.4860382080078,297.3293151855469
2017_2475,2017_2475_rbr_w_offset.tif,177.67034912109375,368.3438720703125
1989_1264,1989_1264_rbr_w_offset.tif,286.3684997558594,472.1074523925781
1989_1081,1989_1081_rbr_w_offset.tif,320.8152160644531,488.6236267089844
2022_254,2022_254_rbr_w_offset.tif,217.18296813964844,467.5146484375
2000_540,2000_540_rbr_w_offset.tif,21.603073120117188,394.3087463378906
1995_988,1995_988_rbr_w_offset.tif,332.3684387207031,541.8609619140625
1988_124,1988_124_rbr_w_offset.tif,246.9694366455078,443.94970703125
1995_1182,1995_1182_rbr_w_offset.tif,391.98681640625,567.5087280273438
2017_1803,2017_1803_rbr_w_offset.tif,82.25560760498047,220.35047912597656
1995_1164,1995_1164_rbr_w_offset.tif,356.6300354003906,477.4906311035156
1986_54,1986_54_rbr_w_offset.tif,254.3162841796875,469.41314697265625
1988_82,1988_82_rbr_w_offset.tif,224.1280517578125,395.91033935546875
2018_772,2018_772_rbr_w_offset.tif,212.87042236328125,398.5060119628906
2015_1988,2015_1988_rbr_w_offset.tif,222.0919189453125,389.90789794921875
2011_513,2011_513_rbr_w_offset.tif,309.27838134765625,466.4399108886719
1988_64,1988_64_rbr_w_offset.tif,282.8791198730469,488.2564697265625
1998_660,1998_660_rbr_w_offset.tif,141.13612365722656,369.8360595703125
1989_1028,1989_1028_rbr_w_offset.tif,22.066566467285156,349.4689636230469
1993_8,1993_8_rbr_w_offset.tif,330.0115661621094,505.5066833496094
1996_597,1996_597_rbr_w_offset.tif,241.26229858398438,413.61492919921875
1989_1016,1989_1016_rbr_w_offset.tif,327.51422119140625,519.6783447265625
2002_691,2002_691_rbr_w_offset.tif,49.567481994628906,227.97715759277344
1996_490,1996_490_rbr_w_offset.tif,59.7458610534668,396.08502197265625
1996_675,1996_675_rbr_w_offset.tif,0.8898743391036987,232.7240753173828
2018_106,2018_106_rbr_w_offset.tif,128.72393798828125,375.9141540527344
2010_877,2010_877_rbr_w_offset.tif,132.80621337890625,315.1427307128906
1995_1414,1995_1414_rbr_w_offset.tif,1.7579984664916992,24.444156646728516
1991_70,1991_70_rbr_w_offset.tif,285.1024169921875,390.9677734375
2005_472,2005_472_rbr_w_offset.tif,182.0292510986328,455.5592041015625
1989_878,1989_878_rbr_w_offset.tif,242.6514129638672,410.08544921875
2011_483,2011_483_rbr_w_offset.tif,353.0003967285156,524.2128295898438
2021_1573,2021_1573_rbr_w_offset.tif,156.47427368164062,303.72113037109375
2018_1598,2018_1598_rbr_w_offset.tif,129.09754943847656,358.30889892578125
1998_674,1998_674_rbr_w_offset.tif,-92.78317260742188,441.6074523925781
2011_507,2011_507_rbr_w_offset.tif,328.51434326171875,513.3684692382812
1988_96,1988_96_rbr_w_offset.tif,116.1076889038086,492.982421875
1986_40,1986_40_rbr_w_offset.tif,308.8315734863281,508.3455505371094
2023_189,2023_189_rbr_w_offset.tif,244.06414794921875,382.176025390625
2006_879,2006_879_rbr_w_offset.tif,250.65626525878906,333.3740539550781
1994_86,1994_86_rbr_w_offset.tif,284.10595703125,535.5401611328125
1996_717,1996_717_rbr_w_offset.tif,213.6821746826172,482.5059509277344
2012_654,2012_654_rbr_w_offset.tif,34.46660232543945,332.6184387207031
2015_1042,2015_1042_rbr_w_offset.tif,126.43275451660156,413.83013916015625
2017_2059,2017_2059_rbr_w_offset.tif,179.1610565185547,460.9851379394531
2015_1145,2015_1145_rbr_w_offset.tif,76.18696594238281,242.13523864746094
2006_744,2006_744_rbr_w_offset.tif,97.01531219482422,294.0972595214844
1998_870,1998_870_rbr_w_offset.tif,297.9160461425781,523.3970336914062
1999_386,1999_386_rbr_w_offset.tif,233.68142700195312,459.79266357421875
1989_1377,1989_1377_rbr_w_offset.tif,212.06080627441406,408.6629333496094
1998_896,1998_896_rbr_w_offset.tif,9.357804298400879,384.9701843261719
1990_89,1990_89_rbr_w_offset.tif,271.29376220703125,410.31573486328125
2013_1187,2013_1187_rbr_w_offset.tif,11.890385627746582,235.86976623535156
1989_1155,1989_1155_rbr_w_offset.tif,308.36944580078125,496.20123291015625
2009_410,2009_410_rbr_w_offset.tif,-34.7515754699707,391.8891906738281
1998_851,1998_851_rbr_w_offset.tif,182.18875122070312,310.3841857910156
1989_1368,1989_1368_rbr_w_offset.tif,345.01519775390625,580.7003784179688
1998_889,1998_889_rbr_w_offset.tif,275.20037841796875,412.1380920410156
2006_580,2006_580_rbr_w_offset.tif,212.64892578125,379.49249267578125
2002_734,2002_734_rbr_w_offset.tif,-34.11639404296875,354.273193359375
2018_2810,2018_2810_rbr_w_offset.tif,164.57443237304688,342.3490905761719
2015_1085,2015_1085_rbr_w_offset.tif,289.6424560546875,489.60748291015625
1995_983,1995_983_rbr_w_offset.tif,155.6436309814453,359.5245056152344
2014_787,2014_787_rbr_w_offset.tif,57.92375946044922,283.4046325683594
1999_698,1999_698_rbr_w_offset.tif,311.3131103515625,467.4002685546875
2017_2078,2017_2078_rbr_w_offset.tif,228.5255126953125,435.3642883300781
2018_1466,2018_1466_rbr_w_offset.tif,236.35333251953125,317.15753173828125
2001_284,2001_284_rbr_w_offset.tif,-39.224021911621094,489.8785095214844
2006_880,2006_880_rbr_w_offset.tif,178.85546875,287.46466064453125
2011_323,2011_323_rbr_w_offset.tif,234.03128051757812,466.2145080566406
2007_492,2007_492_rbr_w_offset.tif,73.34834289550781,148.749267578125
1988_51,1988_51_rbr_w_offset.tif,287.42333984375,421.2750244140625
2001_365,2001_365_rbr_w_offset.tif,256.7948303222656,395.6516418457031
2011_725,2011_725_rbr_w_offset.tif,181.27401733398438,421.38348388671875
1995_1255,1995_1255_rbr_w_offset.tif,174.03382873535156,305.6630859375
2001_383,2001_383_rbr_w_offset.tif,3.9394898414611816,33.53765106201172
1989_905,1989_905_rbr_w_offset.tif,294.5879211425781,473.4223937988281
1989_867,1989_867_rbr_w_offset.tif,257.372802734375,421.830322265625
2021_2326,2021_2326_rbr_w_offset.tif,401.1798400878906,575.4889526367188
2017_1853,2017_1853_rbr_w_offset.tif,233.59158325195312,395.1499938964844
2013_702,2013_702_rbr_w_offset.tif,71.20806884765625,270.58319091796875
2021_2318,2021_2318_rbr_w_offset.tif,188.41151428222656,299.3542785644531
1998_737,1998_737_rbr_w_offset.tif,92.07258605957031,220.40960693359375
1989_881,1989_881_rbr_w_offset.tif,82.74684143066406,371.4112243652344
1988_34,1988_34_rbr_w_offset.tif,-35.05522918701172,277.616455078125
2011_740,2011_740_rbr_w_offset.tif,374.8995666503906,456.22216796875
1995_1033,1995_1033_rbr_w_offset.tif,264.74432373046875,473.8424377441406
1995_1230,1995_1230_rbr_w_offset.tif,279.1721496582031,490.1316833496094
1995_807,1995_807_rbr_w_offset.tif,243.4766387939453,394.7248229980469
2006_503,2006_503_rbr_w_offset.tif,260.69903564453125,418.9135437011719
2006_700,2006_700_rbr_w_offset.tif,188.2466278076172,345.73223876953125
2019_630,2019_630_rbr_w_offset.tif,301.0195007324219,520.9796752929688
1996_469,1996_469_rbr_w_offset.tif,309.2156677246094,454.951416015625
1996_654,1996_654_rbr_w_offset.tif,112.88385009765625,460.20391845703125
2018_1804,2018_1804_rbr_w_offset.tif,-20.60137176513672,394.6108703613281
1989_1037,1989_1037_rbr_w_offset.tif,234.32025146484375,457.41839599609375
1996_588,1996_588_rbr_w_offset.tif,99.48605346679688,432.4051513671875
1989_1234,1989_1234_rbr_w_offset.tif,312.72894287109375,507.4993896484375
2018_598,2018_598_rbr_w_offset.tif,223.82350158691406,494.784423828125
1998_651,1998_651_rbr_w_offset.tif,288.7891540527344,434.6456604003906
2021_1637,2021_1637_rbr_w_offset.tif,331.669677734375,535.5153198242188
2001_361,2001_361_rbr_w_offset.tif,242.80357360839844,407.570068359375
2019_1523,2019_1523_rbr_w_offset.tif,309.85400390625,481.2323303222656
2015_1987,2015_1987_rbr_w_offset.tif,6.757986068725586,29.634952545166016
1989_806,1989_806_rbr_w_offset.tif,-27.06837272644043,294.58038330078125
1991_131,1991_131_rbr_w_offset.tif,314.4792175292969,450.3847961425781
1994_45,1994_45_rbr_w_offset.tif,89.91976928710938,354.7266845703125
1992_41,1992_41_rbr_w_offset.tif,320.8006591796875,450.599609375
2023_174,2023_174_rbr_w_offset.tif,321.2405090332031,470.7406921386719
2003_518,2003_518_rbr_w_offset.tif,305.5674743652344,470.8890380859375
1988_9,1988_9_rbr_w_offset.tif,60.28160858154297,204.7841796875
2006_680,2006_680_rbr_w_offset.tif,102.21137237548828,337.6065368652344
2012_671,2012_671_rbr_w_offset.tif,283.025146484375,530.1721801757812
2012_697,2012_697_rbr_w_offset.tif,323.4361267089844,493.5953063964844
1989_1255,1989_1255_rbr_w_offset.tif,116.53675079345703,420.6750183105469
1998_855,1998_855_rbr_w_offset.tif,259.64105224609375,409.7890930175781
2024_473,2024_473_rbr_w_offset.tif,318.5032653808594,487.1046142578125
1990_74,1990_74_rbr_w_offset.tif,289.8050231933594,468.1847229003906
1989_1352,1989_1352_rbr_w_offset.tif,308.29791259765625,440.2696533203125
2012_776,2012_776_rbr_w_offset.tif,79.3419418334961,207.03729248046875
2024_495,2024_495_rbr_w_offset.tif,352.30377197265625,505.899658203125
1996_635,1996_635_rbr_w_offset.tif,181.5379638671875,435.667724609375
2002_730,2002_730_rbr_w_offset.tif,242.1324462890625,387.060302734375
2012_1060,2012_1060_rbr_w_offset.tif,297.4423522949219,492.4348449707031
1989_1033,1989_1033_rbr_w_offset.tif,254.33811950683594,427.56317138671875
2017_2120,2017_2120_rbr_w_offset.tif,286.1300354003906,471.3688049316406
1989_1337,1989_1337_rbr_w_offset.tif,158.94415283203125,388.3139343261719
2016_541,2016_541_rbr_w_offset.tif,283.6725158691406,459.2474365234375
1990_11,1990_11_rbr_w_offset.tif,253.94825744628906,433.68621826171875
2016_599,2016_599_rbr_w_offset.tif,288.81353759765625,493.120849609375
1996_650,1996_650_rbr_w_offset.tif,205.85861206054688,429.7723693847656
1994_110,1994_110_rbr_w_offset.tif,129.4493408203125,388.2808837890625
2002_556,2002_556_rbr_w_offset.tif,-19.3841552734375,73.6536636352539
1988_30,1988_30_rbr_w_offset.tif,104.50039672851562,241.96908569335938
2021_2225,2021_2225_rbr_w_offset.tif,217.8413848876953,385.9562072753906
1987_101,1987_101_rbr_w_offset.tif,255.21173095703125,428.9755859375
1995_1009,1995_1009_rbr_w_offset.tif,255.48095703125,473.3941650390625
1989_964,1989_964_rbr_w_offset.tif,115.34358215332031,250.67022705078125
1991_55,1991_55_rbr_w_offset.tif,208.59397888183594,365.9527893066406
1994_20,1994_20_rbr_w_offset.tif,261.9762878417969,416.3868408203125
1992_24,1992_24_rbr_w_offset.tif,-52.11489486694336,349.4601135253906
2021_2322,2021_2322_rbr_w_offset.tif,145.17361450195312,381.61529541015625
1989_885,1989_885_rbr_w_offset.tif,-26.309938430786133,218.62628173828125
2021_1353,2021_1353_rbr_w_offset.tif,252.75669860839844,399.5307312011719
2018_403,2018_403_rbr_w_offset.tif,263.1986999511719,417.12188720703125
2021_1197,2021_1197_rbr_w_offset.tif,179.0835418701172,349.2490234375
2023_1627,2023_1627_rbr_w_offset.tif,320.4150695800781,488.3184814453125
2003_666,2003_666_rbr_w_offset.tif,415.6112365722656,561.6312866210938
1995_1410,1995_1410_rbr_w_offset.tif,164.96298217773438,456.3141784667969
1989_945,1989_945_rbr_w_offset.tif,264.2023010253906,467.53948974609375
2006_725,2006_725_rbr_w_offset.tif,245.04611206054688,362.312255859375
2017_1548,2017_1548_rbr_w_offset.tif,228.15809631347656,404.9161682128906
1996_494,1996_494_rbr_w_offset.tif,247.71658325195312,397.81793212890625
2003_1440,2003_1440_rbr_w_offset.tif,205.8247528076172,359.22723388671875
1996_671,1996_671_rbr_w_offset.tif,11.644819259643555,343.22210693359375
1996_472,1996_472_rbr_w_offset.tif,119.51289367675781,409.8117370605469
1996_575,1996_575_rbr_w_offset.tif,58.592288970947266,471.63616943359375
2012_1041,2012_1041_rbr_w_offset.tif,120.04304504394531,223.97915649414062
1996_396,1996_396_rbr_w_offset.tif,256.19085693359375,389.8736877441406
2017_1471,2017_1471_rbr_w_offset.tif,91.95455169677734,435.3648376464844
2006_622,2006_622_rbr_w_offset.tif,240.0615692138672,402.9006652832031
2024_651,2024_651_rbr_w_offset.tif,145.97897338867188,314.3116455078125
2003_807,2003_807_rbr_w_offset.tif,255.598388671875,401.87109375
1998_874,1998_874_rbr_w_offset.tif,-25.485916137695312,455.054931640625
1998_892,1998_892_rbr_w_offset.tif,80.38374328613281,407.4717712402344
1996_614,1996_614_rbr_w_offset.tif,142.67430114746094,396.7865905761719
1996_429,1996_429_rbr_w_offset.tif,262.37091064453125,417.9059753417969
2002_512,2002_512_rbr_w_offset.tif,203.51449584960938,451.7878112792969
1989_1274,1989_1274_rbr_w_offset.tif,255.9151153564453,401.67913818359375
2017_1629,2017_1629_rbr_w_offset.tif,161.96957397460938,378.3617248535156
1995_1192,1995_1192_rbr_w_offset.tif,143.54641723632812,434.884521484375
2018_561,2018_561_rbr_w_offset.tif,293.1477966308594,450.5509033203125
1989_920,1989_920_rbr_w_offset.tif,123.77174377441406,341.9939880371094
2009_1241,2009_1241_rbr_w_offset.tif,224.6790771484375,401.77685546875
1988_92,1988_92_rbr_w_offset.tif,250.3954315185547,457.23492431640625
2017_1666,2017_1666_rbr_w_offset.tif,250.20037841796875,412.60113525390625
1996_587,1996_587_rbr_w_offset.tif,208.7659149169922,432.048095703125
2012_1055,2012_1055_rbr_w_offset.tif,21.82880210876465,329.5196228027344
1996_561,1996_561_rbr_w_offset.tif,355.63336181640625,548.2496948242188
2017_1286,2017_1286_rbr_w_offset.tif,236.51596069335938,414.1214904785156
1996_364,1996_364_rbr_w_offset.tif,276.1741943359375,425.5661926269531
1999_429,1999_429_rbr_w_offset.tif,296.24169921875,490.3458251953125
2002_563,2002_563_rbr_w_offset.tif,355.18011474609375,467.9314880371094
1996_665,1996_665_rbr_w_offset.tif,31.98379135131836,227.41885375976562
1996_683,1996_683_rbr_w_offset.tif,41.69404602050781,186.85116577148438
1990_24,1990_24_rbr_w_offset.tif,259.5279541015625,426.3175964355469
1989_1302,1989_1302_rbr_w_offset.tif,168.91766357421875,350.3490295410156
2017_2115,2017_2115_rbr_w_offset.tif,-0.46070554852485657,16.024404525756836
1995_1404,1995_1404_rbr_w_offset.tif,231.70120239257812,503.0356750488281
2023_1633,2023_1633_rbr_w_offset.tif,200.01889038085938,369.2001037597656
2011_377,2011_377_rbr_w_offset.tif,203.7079315185547,419.66302490234375
1988_145,1988_145_rbr_w_offset.tif,263.46209716796875,391.27081298828125
2021_2317,2021_2317_rbr_w_offset.tif,274.3155212402344,476.3072204589844
1988_86,1988_86_rbr_w_offset.tif,367.6470642089844,483.607666015625
2001_354,2001_354_rbr_w_offset.tif,324.51617431640625,467.93115234375
1988_60,1988_60_rbr_w_offset.tif,226.22386169433594,388.66033935546875
2021_1204,2021_1204_rbr_w_offset.tif,170.59510803222656,395.1522216796875
1988_120,1988_120_rbr_w_offset.tif,199.03245544433594,414.27630615234375
2021_1303,2021_1303_rbr_w_offset.tif,103.20301818847656,249.05662536621094
1989_1465,1989_1465_rbr_w_offset.tif,317.3559875488281,513.935546875
1990_99,1990_99_rbr_w_offset.tif,-29.113256454467773,385.2522888183594
1996_600,1996_600_rbr_w_offset.tif,209.5391845703125,429.6179504394531
1998_860,1998_860_rbr_w_offset.tif,213.7107696533203,440.4464111328125
2002_724,2002_724_rbr_w_offset.tif,287.1044921875,467.06683349609375
2013_1188,2013_1188_rbr_w_offset.tif,155.96560668945312,369.20245361328125
1998_899,1998_899_rbr_w_offset.tif,-3.37066912651062,26.09367561340332
2024_467,2024_467_rbr_w_offset.tif,271.8935852050781,514.579345703125
1999_389,1999_389_rbr_w_offset.tif,275.23388671875,402.32305908203125
1993_11,1993_11_rbr_w_offset.tif,283.46673583984375,450.702392578125
2000_386,2000_386_rbr_w_offset.tif,228.98690795898438,390.3558044433594
2012_665,2012_665_rbr_w_offset.tif,227.44503784179688,355.66680908203125
1996_525,1996_525_rbr_w_offset.tif,97.68501281738281,402.4419860839844
2020_531,2020_531_rbr_w_offset.tif,182.52479553222656,397.7294921875
2002_623,2002_623_rbr_w_offset.tif,240.0342559814453,385.17828369140625
1999_453,1999_453_rbr_w_offset.tif,340.84765625,494.3616943359375
2003_532,2003_532_rbr_w_offset.tif,354.8851318359375,504.17626953125
1988_101,1988_101_rbr_w_offset.tif,325.79937744140625,484.7352294921875
2007_380,2007_380_rbr_w_offset.tif,134.41065979003906,240.2904510498047
2013_749,2013_749_rbr_w_offset.tif,140.96282958984375,427.97650146484375
2023_186,2023_186_rbr_w_offset.tif,231.13197326660156,402.6270751953125
2015_1993,2015_1993_rbr_w_offset.tif,294.7647705078125,432.1235656738281
1988_99,1988_99_rbr_w_offset.tif,15.04899787902832,448.97747802734375
1988_41,1988_41_rbr_w_offset.tif,114.03800964355469,350.87939453125
2003_569,2003_569_rbr_w_offset.tif,-47.2037239074707,294.8003234863281
2011_454,2011_454_rbr_w_offset.tif,310.3647766113281,516.568359375
1992_30,1992_30_rbr_w_offset.tif,20.600746154785156,343.7948303222656
1995_1327,1995_1327_rbr_w_offset.tif,153.45712280273438,339.5784606933594
1989_849,1989_849_rbr_w_offset.tif,344.65557861328125,494.1706848144531
2018_1717,2018_1717_rbr_w_offset.tif,12.268733978271484,357.0909729003906
2010_878,2010_878_rbr_w_offset.tif,-51.10131072998047,227.46072387695312
1995_1220,1995_1220_rbr_w_offset.tif,175.78875732421875,461.2660827636719
2011_356,2011_356_rbr_w_offset.tif,322.23974609375,474.34014892578125
2023_201,2023_201_rbr_w_offset.tif,306.1063537597656,463.63494873046875
2011_368,2011_368_rbr_w_offset.tif,316.19293212890625,485.9432067871094
2017_3694,2017_3694_rbr_w_offset.tif,17.863298416137695,212.27548217773438
1996_644,1996_644_rbr_w_offset.tif,180.61672973632812,412.0772705078125
2006_710,2006_710_rbr_w_offset.tif,120.84059143066406,194.31289672851562
2006_617,2006_617_rbr_w_offset.tif,261.0059509277344,402.1229553222656
2009_367,2009_367_rbr_w_offset.tif,132.84173583984375,379.3734436035156
1996_598,1996_598_rbr_w_offset.tif,130.29019165039062,417.0854797363281
1996_540,1996_540_rbr_w_offset.tif,250.9180908203125,500.0940246582031
2010_546,2010_546_rbr_w_offset.tif,191.17532348632812,461.69061279296875
1998_583,1998_583_rbr_w_offset.tif,295.0716857910156,395.39044189453125
1995_1165,1995_1165_rbr_w_offset.tif,278.1634216308594,478.2841796875
1988_125,1988_125_rbr_w_offset.tif,103.6778793334961,288.0654602050781
1988_65,1988_65_rbr_w_offset.tif,292.31182861328125,490.5201721191406
1988_83,1988_83_rbr_w_offset.tif,332.43505859375,515.88134765625
2013_850,2013_850_rbr_w_offset.tif,99.37398529052734,285.2550964355469
2006_751,2006_751_rbr_w_offset.tif,197.8820037841797,306.62774658203125
1989_1161,1989_1161_rbr_w_offset.tif,365.7913818359375,586.7582397460938
1998_865,1998_865_rbr_w_offset.tif,-43.90163803100586,493.4118957519531
1996_438,1996_438_rbr_w_offset.tif,267.54443359375,435.5563659667969
1998_883,1998_883_rbr_w_offset.tif,266.3455505371094,415.80889892578125
1996_605,1996_605_rbr_w_offset.tif,293.6346740722656,500.5470275878906
2013_1192,2013_1192_rbr_w_offset.tif,235.35752868652344,351.2877502441406
2012_699,2012_699_rbr_w_offset.tif,-51.79821014404297,363.22943115234375
2017_2528,2017_2528_rbr_w_offset.tif,131.11866760253906,326.42547607421875
1990_21,1990_21_rbr_w_offset.tif,15.230661392211914,165.5714569091797
2003_895,2003_895_rbr_w_offset.tif,258.8280029296875,467.219970703125
1996_660,1996_660_rbr_w_offset.tif,155.19021606445312,420.9150390625
2002_566,2002_566_rbr_w_offset.tif,249.68125915527344,358.1353759765625
1996_564,1996_564_rbr_w_offset.tif,251.69570922851562,432.2483825683594
2012_1050,2012_1050_rbr_w_offset.tif,269.9789733886719,443.13494873046875
1996_582,1996_582_rbr_w_offset.tif,235.03567504882812,450.6629638671875
1991_65,1991_65_rbr_w_offset.tif,290.0909118652344,470.9334716796875
1994_10,1994_10_rbr_w_offset.tif,339.7226867675781,472.9396667480469
2021_2312,2021_2312_rbr_w_offset.tif,322.8610534667969,422.92987060546875
1995_1007,1995_1007_rbr_w_offset.tif,179.23223876953125,431.12408447265625
2005_599,2005_599_rbr_w_offset.tif,96.6403579711914,272.6832580566406
2023_1617,2023_1617_rbr_w_offset.tif,235.91307067871094,394.22039794921875
1998_625,1998_625_rbr_w_offset.tif,130.71131896972656,299.8735656738281
2011_568,2011_568_rbr_w_offset.tif,277.0034484863281,397.1729431152344
1995_1026,1995_1026_rbr_w_offset.tif,251.31651306152344,425.03948974609375
1995_1018,1995_1018_rbr_w_offset.tif,243.6563262939453,416.3666076660156
1995_1420,1995_1420_rbr_w_offset.tif,254.49252319335938,408.82562255859375
1991_44,1991_44_rbr_w_offset.tif,294.0140686035156,431.5567321777344
1986_11,1986_11_rbr_w_offset.tif,257.79888916015625,469.6806640625
1995_1121,1995_1121_rbr_w_offset.tif,12.240160942077637,249.6797332763672
1995_1322,1995_1322_rbr_w_offset.tif,133.75265502929688,301.9618835449219
1989_894,1989_894_rbr_w_offset.tif,261.714111328125,495.68670654296875
1998_722,1998_722_rbr_w_offset.tif,7.151354789733887,214.247802734375
1999_433,1999_433_rbr_w_offset.tif,264.20501708984375,443.1477355957031
2015_1013,2015_1013_rbr_w_offset.tif,209.27178955078125,478.06951904296875
1989_1326,1989_1326_rbr_w_offset.tif,315.3658447265625,471.0114440917969
1996_442,1996_442_rbr_w_offset.tif,279.332763671875,496.129638671875
2002_579,2002_579_rbr_w_offset.tif,183.83676147460938,546.7819213867188
2002_618,2002_618_rbr_w_offset.tif,-22.03559112548828,303.13275146484375
1995_996,1995_996_rbr_w_offset.tif,19.918842315673828,465.2571716308594
1996_723,1996_723_rbr_w_offset.tif,292.40338134765625,489.4331970214844
2012_660,2012_660_rbr_w_offset.tif,240.86402893066406,456.9475402832031
2012_686,2012_686_rbr_w_offset.tif,202.0797119140625,437.1246337890625
1989_1047,1989_1047_rbr_w_offset.tif,243.23553466796875,439.9849853515625
2006_677,2006_677_rbr_w_offset.tif,236.21542358398438,420.51544189453125
1993_14,1993_14_rbr_w_offset.tif,75.14759826660156,340.1044921875
1987_30,1987_30_rbr_w_offset.tif,347.0381774902344,519.5083618164062
2024_462,2024_462_rbr_w_offset.tif,281.312744140625,436.2873229980469
1996_427,1996_427_rbr_w_offset.tif,245.13348388671875,420.6711120605469
2024_484,2024_484_rbr_w_offset.tif,359.4913635253906,502.8395080566406
2011_730,2011_730_rbr_w_offset.tif,284.77490234375,436.9757385253906
1998_698,1998_698_rbr_w_offset.tif,280.85369873046875,429.4297180175781
2014_891,2014_891_rbr_w_offset.tif,-43.32772445678711,250.83441162109375
1991_120,1991_120_rbr_w_offset.tif,315.1634216308594,456.4986877441406
1992_50,1992_50_rbr_w_offset.tif,263.8880920410156,458.0226135253906
2006_873,2006_873_rbr_w_offset.tif,153.9705352783203,303.1268310546875
2003_537,2003_537_rbr_w_offset.tif,-3.215327739715576,316.54827880859375
2015_914,2015_914_rbr_w_offset.tif,192.69711303710938,391.66107177734375
1989_1131,1989_1131_rbr_w_offset.tif,96.03582763671875,356.8789367675781
2013_800,2013_800_rbr_w_offset.tif,162.24581909179688,267.71417236328125
2006_701,2006_701_rbr_w_offset.tif,262.6038513183594,386.0896301269531
2017_1668,2017_1668_rbr_w_offset.tif,241.31387329101562,462.8725891113281
2013_907,2013_907_rbr_w_offset.tif,233.62997436523438,389.6466369628906
1996_551,1996_551_rbr_w_offset.tif,285.38775634765625,485.7343444824219
2002_454,2002_454_rbr_w_offset.tif,327.65887451171875,458.6570739746094
2021_2319,2021_2319_rbr_w_offset.tif,161.46527099609375,364.46063232421875
1992_21,1992_21_rbr_w_offset.tif,299.2568054199219,438.05889892578125
1995_1032,1995_1032_rbr_w_offset.tif,209.47714233398438,484.8144836425781
2011_542,2011_542_rbr_w_offset.tif,326.7971496582031,481.89227294921875
2011_741,2011_741_rbr_w_offset.tif,269.2668762207031,390.26934814453125
2011_379,2011_379_rbr_w_offset.tif,320.01800537109375,491.4689025878906
2003_441,2003_441_rbr_w_offset.tif,318.00146484375,491.136962890625
2023_171,2023_171_rbr_w_offset.tif,214.9539031982422,362.27655029296875
1988_110,1988_110_rbr_w_offset.tif,6.469662666320801,466.29718017578125
2006_881,2006_881_rbr_w_offset.tif,-2.1663501262664795,177.63525390625
1986_60,1986_60_rbr_w_offset.tif,248.13832092285156,409.5669860839844
1998_588,1998_588_rbr_w_offset.tif,22.847890853881836,408.3932800292969
2005_530,2005_530_rbr_w_offset.tif,213.15365600585938,341.74688720703125
2001_382,2001_382_rbr_w_offset.tif,41.8210563659668,129.78370666503906
1995_1069,1995_1069_rbr_w_offset.tif,300.46240234375,463.9654846191406
2001_364,2001_364_rbr_w_offset.tif,62.151615142822266,374.91973876953125
2011_724,2011_724_rbr_w_offset.tif,89.76522827148438,268.84521484375
2002_536,2002_536_rbr_w_offset.tif,316.50970458984375,469.4934387207031
2002_735,2002_735_rbr_w_offset.tif,267.84051513671875,377.3012390136719
1998_888,1998_888_rbr_w_offset.tif,-32.32563400268555,52.12615203857422
1996_630,1996_630_rbr_w_offset.tif,-26.48652458190918,221.82211303710938
1989_1357,1989_1357_rbr_w_offset.tif,335.3921813964844,486.8118591308594
1990_71,1990_71_rbr_w_offset.tif,292.609375,461.4476623535156
2012_795,2012_795_rbr_w_offset.tif,97.34474182128906,352.7142639160156
2007_993,2007_993_rbr_w_offset.tif,17.837711334228516,320.7747802734375
2010_532,2010_532_rbr_w_offset.tif,22.4344482421875,312.43560791015625
2000_371,2000_371_rbr_w_offset.tif,295.74652099609375,484.3300476074219
2018_2811,2018_2811_rbr_w_offset.tif,174.99899291992188,417.28558349609375
1989_1072,1989_1072_rbr_w_offset.tif,280.8341369628906,436.7281494140625
1996_716,1996_716_rbr_w_offset.tif,198.48095703125,425.74853515625
2012_655,2012_655_rbr_w_offset.tif,334.8165588378906,502.71380615234375
2002_714,2002_714_rbr_w_offset.tif,-15.562273025512695,233.60182189941406
2002_517,2002_517_rbr_w_offset.tif,274.9991455078125,478.7030334472656
2013_1186,2013_1186_rbr_w_offset.tif,227.66407775878906,360.069091796875
2018_1946,2018_1946_rbr_w_offset.tif,234.7808380126953,466.3753662109375
1990_50,1990_50_rbr_w_offset.tif,259.907470703125,478.7330017089844
2009_430,2009_430_rbr_w_offset.tif,257.7250061035156,421.95306396484375
1998_871,1998_871_rbr_w_offset.tif,-14.234790802001953,14.937345504760742
1989_1376,1989_1376_rbr_w_offset.tif,173.40798950195312,389.13812255859375
1990_100,1990_100_rbr_w_offset.tif,266.0038146972656,478.7414245605469
2006_745,2006_745_rbr_w_offset.tif,147.02767944335938,287.8045654296875
1988_97,1988_97_rbr_w_offset.tif,214.86349487304688,363.2826232910156
2009_1244,2009_1244_rbr_w_offset.tif,235.7769317626953,425.66864013671875
2005_511,2005_511_rbr_w_offset.tif,252.35720825195312,398.6660461425781
1995_1048,1995_1048_rbr_w_offset.tif,30.667057037353516,389.0029296875
1998_675,1998_675_rbr_w_offset.tif,213.3142547607422,522.8133544921875
1994_87,1994_87_rbr_w_offset.tif,230.36923217773438,424.5513610839844
2006_878,2006_878_rbr_w_offset.tif,194.44979858398438,354.3966064453125
1998_597,1998_597_rbr_w_offset.tif,189.38214111328125,352.8951416015625
2010_876,2010_876_rbr_w_offset.tif,161.82757568359375,397.27545166015625
1995_1415,1995_1415_rbr_w_offset.tif,5.338075637817383,36.605323791503906
1995_1210,1995_1210_rbr_w_offset.tif,178.91380310058594,430.19317626953125
1998_610,1998_610_rbr_w_offset.tif,-23.7910099029541,389.8537292480469
2011_366,2011_366_rbr_w_offset.tif,189.19068908691406,451.75634765625
2023_1622,2023_1622_rbr_w_offset.tif,4.308291435241699,398.18743896484375
1988_154,1988_154_rbr_w_offset.tif,235.69461059570312,368.2215881347656
2021_2306,2021_2306_rbr_w_offset.tif,70.7065200805664,182.71580505371094
1995_1317,1995_1317_rbr_w_offset.tif,132.64097595214844,309.23565673828125
2003_782,2003_782_rbr_w_offset.tif,253.21920776367188,446.19708251953125
2017_1677,2017_1677_rbr_w_offset.tif,-53.88496398925781,294.6898498535156
1996_596,1996_596_rbr_w_offset.tif,132.8173370361328,399.5278015136719
2000_335,2000_335_rbr_w_offset.tif,326.2934875488281,500.1994934082031
1999_406,1999_406_rbr_w_offset.tif,262.3629455566406,431.12408447265625
1999_702,1999_702_rbr_w_offset.tif,241.47108459472656,407.7228088378906
1996_674,1996_674_rbr_w_offset.tif,248.79904174804688,489.9914855957031
1989_1313,1989_1313_rbr_w_offset.tif,323.5745849609375,486.8864440917969
2017_1770,2017_1770_rbr_w_offset.tif,147.09181213378906,428.5897521972656
2011_606,2011_606_rbr_w_offset.tif,324.971923828125,488.7369689941406
1986_45,1986_45_rbr_w_offset.tif,96.57170104980469,343.52349853515625
1998_593,1998_593_rbr_w_offset.tif,291.5596923828125,461.80096435546875
2009_1240,2009_1240_rbr_w_offset.tif,115.44859313964844,376.8816833496094
2005_515,2005_515_rbr_w_offset.tif,218.23338317871094,373.1914367675781
1988_93,1988_93_rbr_w_offset.tif,252.64773559570312,538.594482421875
1995_1271,1995_1271_rbr_w_offset.tif,322.1689758300781,553.0772094726562
1988_75,1988_75_rbr_w_offset.tif,290.5556945800781,461.47491455078125
2002_513,2002_513_rbr_w_offset.tif,-37.194129943847656,318.1144104003906
1996_615,1996_615_rbr_w_offset.tif,129.66880798339844,380.2891540527344
1998_893,1998_893_rbr_w_offset.tif,373.1767883300781,486.97314453125
2024_650,2024_650_rbr_w_offset.tif,196.0692138671875,345.5087585449219
1998_875,1998_875_rbr_w_offset.tif,-96.51730346679688,318.2607116699219
2015_1140,2015_1140_rbr_w_offset.tif,211.02880859375,380.6233215332031
2017_1616,2017_1616_rbr_w_offset.tif,253.22178649902344,425.7126770019531
2017_1415,2017_1415_rbr_w_offset.tif,308.3229064941406,473.1094055175781
2016_600,2016_600_rbr_w_offset.tif,235.25613403320312,507.783935546875
1996_511,1996_511_rbr_w_offset.tif,214.07545471191406,474.14208984375
1999_706,1999_706_rbr_w_offset.tif,351.4272766113281,488.4205627441406
2015_931,2015_931_rbr_w_offset.tif,281.1276550292969,449.9035949707031
2021_1890,2021_1890_rbr_w_offset.tif,251.47471618652344,404.8960876464844
1996_670,1996_670_rbr_w_offset.tif,163.3213653564453,496.20001220703125
2018_1927,2018_1927_rbr_w_offset.tif,295.4490966796875,448.27325439453125
2010_475,2010_475_rbr_w_offset.tif,152.97406005859375,328.1577453613281
1989_1329,1989_1329_rbr_w_offset.tif,274.20306396484375,426.61956787109375
1990_9,1990_9_rbr_w_offset.tif,295.2233581542969,479.54052734375
1989_798,1989_798_rbr_w_offset.tif,281.89227294921875,460.5828857421875
2006_724,2006_724_rbr_w_offset.tif,204.46917724609375,335.93280029296875
2012_634,2012_634_rbr_w_offset.tif,304.2599792480469,419.8000183105469
2021_277,2021_277_rbr_w_offset.tif,227.7369384765625,342.4799499511719
2017_1877,2017_1877_rbr_w_offset.tif,241.70584106445312,326.9253234863281
2013_726,2013_726_rbr_w_offset.tif,36.155887603759766,354.1888122558594
2003_585,2003_585_rbr_w_offset.tif,228.05856323242188,422.0265197753906
2017_1970,2017_1970_rbr_w_offset.tif,192.3765869140625,332.2098083496094
2023_1626,2023_1626_rbr_w_offset.tif,266.09912109375,389.13330078125
2018_524,2018_524_rbr_w_offset.tif,243.49754333496094,413.7725524902344
1989_965,1989_965_rbr_w_offset.tif,279.07501220703125,485.73370361328125
1995_1235,1995_1235_rbr_w_offset.tif,6.272519111633301,233.3501739501953
1995_1036,1995_1036_rbr_w_offset.tif,100.82975006103516,384.2217712402344
1998_732,1998_732_rbr_w_offset.tif,46.25719451904297,268.1131591796875
2003_542,2003_542_rbr_w_offset.tif,316.40606689453125,471.6321716308594
1996_388,1996_388_rbr_w_offset.tif,307.5681457519531,457.88323974609375
2012_1061,2012_1061_rbr_w_offset.tif,86.29920196533203,367.55340576171875
2020_541,2020_541_rbr_w_offset.tif,87.6212158203125,353.1072692871094
2021_1988,2021_1988_rbr_w_offset.tif,271.5331115722656,419.74212646484375
1996_651,1996_651_rbr_w_offset.tif,63.8475456237793,339.1684875488281
2013_804,2013_804_rbr_w_offset.tif,280.5774230957031,461.62103271484375
2006_659,2006_659_rbr_w_offset.tif,328.77734375,442.9847106933594
1989_1069,1989_1069_rbr_w_offset.tif,306.2167663574219,466.7981872558594
2006_681,2006_681_rbr_w_offset.tif,179.1630096435547,318.8580627441406
2002_731,2002_731_rbr_w_offset.tif,228.2045440673828,344.3982849121094
1996_437,1996_437_rbr_w_offset.tif,306.1914978027344,512.8152465820312
1998_854,1998_854_rbr_w_offset.tif,19.85760498046875,428.70477294921875
1990_75,1990_75_rbr_w_offset.tif,303.97503662109375,469.18182373046875
1995_1053,1995_1053_rbr_w_offset.tif,221.37942504882812,362.5859680175781
2019_1522,2019_1522_rbr_w_offset.tif,31.053176879882812,388.1036376953125
1995_1250,1995_1250_rbr_w_offset.tif,171.65362548828125,376.8556213378906
1998_650,1998_650_rbr_w_offset.tif,238.3191375732422,486.61456298828125
2023_175,2023_175_rbr_w_offset.tif,301.31866455078125,414.2867736816406
2006_885,2006_885_rbr_w_offset.tif,227.65538024902344,332.85394287109375
1992_40,1992_40_rbr_w_offset.tif,278.621337890625,436.45233154296875
2017_1542,2017_1542_rbr_w_offset.tif,217.94227600097656,437.6675720214844
1994_105,1994_105_rbr_w_offset.tif,283.36834716796875,386.6850891113281
1999_437,1999_437_rbr_w_offset.tif,263.57598876953125,448.4665222167969
1993_6,1993_6_rbr_w_offset.tif,302.25030517578125,473.33331298828125
2013_929,2013_929_rbr_w_offset.tif,329.97711181640625,477.9902648925781
2012_805,2012_805_rbr_w_offset.tif,216.35858154296875,394.2796630859375
2021_2309,2021_2309_rbr_w_offset.tif,75.88778686523438,330.98822021484375
2011_455,2011_455_rbr_w_offset.tif,373.1200256347656,474.2370910644531
1991_98,1991_98_rbr_w_offset.tif,251.71124267578125,424.49951171875
2017_3695,2017_3695_rbr_w_offset.tif,245.21893310546875,455.1374206542969
2005_427,2005_427_rbr_w_offset.tif,291.49908447265625,437.7395324707031
1986_70,1986_70_rbr_w_offset.tif,-35.859310150146484,286.013916015625
2006_891,2006_891_rbr_w_offset.tif,96.75659942626953,212.70944213867188
2006_877,2006_877_rbr_w_offset.tif,204.00474548339844,314.30322265625
2024_958,2024_958_rbr_w_offset.tif,2.724623680114746,20.495576858520508
1988_40,1988_40_rbr_w_offset.tif,-9.685577392578125,311.1429443359375
2001_374,2001_374_rbr_w_offset.tif,-15.412206649780273,367.64862060546875
1995_1079,1995_1079_rbr_w_offset.tif,238.63673400878906,429.1005859375
2015_1992,2015_1992_rbr_w_offset.tif,49.86747741699219,265.9615478515625
1988_98,1988_98_rbr_w_offset.tif,268.2847900390625,491.86334228515625
1993_10,1993_10_rbr_w_offset.tif,304.9314270019531,480.4264831542969
1990_61,1990_61_rbr_w_offset.tif,316.34295654296875,480.95556640625
2013_1189,2013_1189_rbr_w_offset.tif,168.11949157714844,389.3734436035156
2015_961,2015_961_rbr_w_offset.tif,360.6333312988281,493.5223693847656
1996_727,1996_727_rbr_w_offset.tif,221.48251342773438,485.1295166015625
1996_719,1996_719_rbr_w_offset.tif,268.42376708984375,562.494873046875
1989_1084,1989_1084_rbr_w_offset.tif,320.34967041015625,529.8756713867188
2017_2048,2017_2048_rbr_w_offset.tif,284.2176818847656,423.34228515625
1995_955,1995_955_rbr_w_offset.tif,321.5105895996094,518.4093017578125
1990_98,1990_98_rbr_w_offset.tif,156.36361694335938,325.5008239746094
2017_2197,2017_2197_rbr_w_offset.tif,221.21820068359375,442.0207824707031
1988_61,1988_61_rbr_w_offset.tif,187.31678771972656,352.75701904296875
2019_1517,2019_1517_rbr_w_offset.tif,275.1961975097656,470.33673095703125
1991_105,1991_105_rbr_w_offset.tif,351.51654052734375,471.0073547363281
2011_411,2011_411_rbr_w_offset.tif,312.571044921875,485.6779479980469
2018_495,2018_495_rbr_w_offset.tif,96.1693115234375,349.9488525390625
1998_561,1998_561_rbr_w_offset.tif,268.37200927734375,398.3033142089844
2017_1964,2017_1964_rbr_w_offset.tif,249.5155029296875,364.0113830566406
1995_1405,1995_1405_rbr_w_offset.tif,296.5528564453125,460.6361999511719
1989_869,1989_869_rbr_w_offset.tif,328.1376647949219,493.00189208984375
2005_463,2005_463_rbr_w_offset.tif,246.08485412597656,392.88092041015625
2018_1035,2018_1035_rbr_w_offset.tif,248.5234832763672,456.2901916503906
2021_2316,2021_2316_rbr_w_offset.tif,118.69834899902344,277.5556335449219
2021_2328,2021_2328_rbr_w_offset.tif,379.8014831542969,531.4000854492188
1988_144,1988_144_rbr_w_offset.tif,267.3163757324219,423.23431396484375
1991_87,1991_87_rbr_w_offset.tif,288.11187744140625,421.57403564453125
2002_465,2002_465_rbr_w_offset.tif,224.02125549316406,518.2307739257812
2014_1295,2014_1295_rbr_w_offset.tif,195.11415100097656,446.483154296875
2012_1054,2012_1054_rbr_w_offset.tif,254.33482360839844,363.15704345703125
1996_586,1996_586_rbr_w_offset.tif,353.2403259277344,541.3854370117188
1989_1039,1989_1039_rbr_w_offset.tif,-72.85100555419922,410.83154296875
2015_1036,2015_1036_rbr_w_offset.tif,284.33612060546875,450.0012512207031
1996_383,1996_383_rbr_w_offset.tif,351.75726318359375,533.76220703125
2013_908,2013_908_rbr_w_offset.tif,-1.3833554983139038,286.87750244140625
2002_584,2002_584_rbr_w_offset.tif,298.98858642578125,490.3396301269531
1989_1100,1989_1100_rbr_w_offset.tif,304.90093994140625,467.00408935546875
1990_25,1990_25_rbr_w_offset.tif,273.9084777832031,412.247802734375
1987_70,1987_70_rbr_w_offset.tif,221.41583251953125,424.9862365722656
1989_1303,1989_1303_rbr_w_offset.tif,329.9051818847656,504.6618957519531
2010_487,2010_487_rbr_w_offset.tif,61.814029693603516,458.00445556640625
2003_891,2003_891_rbr_w_offset.tif,62.31867980957031,300.4825134277344
1996_459,1996_459_rbr_w_offset.tif,295.120849609375,466.9718322753906
1999_712,1999_712_rbr_w_offset.tif,353.8435363769531,507.0724792480469
1995_1031,1995_1031_rbr_w_offset.tif,161.58718872070312,438.32342529296875
2011_599,2011_599_rbr_w_offset.tif,310.0494079589844,531.5640869140625
1995_1232,1995_1232_rbr_w_offset.tif,211.86285400390625,483.3814392089844
1995_1409,1995_1409_rbr_w_offset.tif,313.2623291015625,481.40838623046875
2023_213,2023_213_rbr_w_offset.tif,284.7070617675781,479.1773681640625
2021_2223,2021_2223_rbr_w_offset.tif,204.3681182861328,343.5533447265625
2011_742,2011_742_rbr_w_offset.tif,293.2333068847656,505.1142578125
2011_446,2011_446_rbr_w_offset.tif,236.71749877929688,365.6663513183594
1995_1108,1995_1108_rbr_w_offset.tif,188.6548614501953,435.89239501953125
2012_1058,2012_1058_rbr_w_offset.tif,220.2945098876953,340.92327880859375
1989_1236,1989_1236_rbr_w_offset.tif,320.16046142578125,499.8590393066406
2013_904,2013_904_rbr_w_offset.tif,310.5555419921875,480.7084045410156
1995_902,1995_902_rbr_w_offset.tif,230.83352661132812,444.404541015625
1996_357,1996_357_rbr_w_offset.tif,360.4115295410156,523.9080200195312
1996_656,1996_656_rbr_w_offset.tif,94.61567687988281,309.4098815917969
1996_668,1996_668_rbr_w_offset.tif,163.031005859375,281.08935546875
2002_550,2002_550_rbr_w_offset.tif,321.3258056640625,492.1203918457031
2006_702,2006_702_rbr_w_offset.tif,297.82720947265625,408.9523010253906
1990_29,1990_29_rbr_w_offset.tif,211.88217163085938,479.1049499511719
2017_1236,2017_1236_rbr_w_offset.tif,240.0628662109375,450.07562255859375
1989_1050,1989_1050_rbr_w_offset.tif,338.54376220703125,497.9144287109375
2015_893,2015_893_rbr_w_offset.tif,177.253173828125,389.43756103515625
1995_967,1995_967_rbr_w_offset.tif,312.1419677734375,467.0511779785156
2006_686,2006_686_rbr_w_offset.tif,224.7763671875,375.581298828125
2010_531,2010_531_rbr_w_offset.tif,266.0309753417969,461.2975769042969
1996_537,1996_537_rbr_w_offset.tif,168.03616333007812,307.7702941894531
1989_1088,1989_1088_rbr_w_offset.tif,-35.038543701171875,394.6838684082031
1995_886,1995_886_rbr_w_offset.tif,259.9300231933594,463.3389587402344
2016_1174,2016_1174_rbr_w_offset.tif,231.0025177001953,437.507568359375
1995_860,1995_860_rbr_w_offset.tif,283.61102294921875,454.9663391113281
1989_1169,1989_1169_rbr_w_offset.tif,96.10166931152344,380.1937561035156
1990_72,1990_72_rbr_w_offset.tif,305.04034423828125,504.49755859375
1998_853,1998_853_rbr_w_offset.tif,256.1681213378906,379.2902526855469
2001_381,2001_381_rbr_w_offset.tif,299.7579345703125,481.9779357910156
2019_1525,2019_1525_rbr_w_offset.tif,227.57899475097656,428.916015625
2007_273,2007_273_rbr_w_offset.tif,131.93138122558594,369.3673400878906
1995_1054,1995_1054_rbr_w_offset.tif,323.78173828125,525.0634765625
2011_727,2011_727_rbr_w_offset.tif,74.8695068359375,308.216064453125
2001_367,2001_367_rbr_w_offset.tif,413.4378662109375,541.6915893554688
2021_1631,2021_1631_rbr_w_offset.tif,216.67686462402344,424.4370422363281
2011_423,2011_423_rbr_w_offset.tif,374.79400634765625,531.35546875
1994_43,1994_43_rbr_w_offset.tif,294.573974609375,456.2237243652344
1991_109,1991_109_rbr_w_offset.tif,302.127685546875,446.31768798828125
2006_882,2006_882_rbr_w_offset.tif,239.7722930908203,374.4705810546875
2013_744,2013_744_rbr_w_offset.tif,245.81454467773438,411.0490417480469
1995_1397,1995_1397_rbr_w_offset.tif,1.4064455032348633,380.6995544433594
2003_501,2003_501_rbr_w_offset.tif,334.913330078125,510.39208984375
2019_1238,2019_1238_rbr_w_offset.tif,-11.344284057617188,7.126920700073242
1995_1276,1995_1276_rbr_w_offset.tif,84.5349349975586,334.2776184082031
1988_94,1988_94_rbr_w_offset.tif,32.76823043823242,248.43154907226562
1989_926,1989_926_rbr_w_offset.tif,340.85009765625,498.343994140625
1997_338,1997_338_rbr_w_offset.tif,262.01055908203125,434.4582824707031
2001_378,2001_378_rbr_w_offset.tif,339.2393798828125,483.64630126953125
1989_1190,1989_1190_rbr_w_offset.tif,361.7151184082031,558.9154052734375
1998_894,1998_894_rbr_w_offset.tif,274.354736328125,413.48956298828125
1996_411,1996_411_rbr_w_offset.tif,313.6436767578125,522.3338623046875
2013_1185,2013_1185_rbr_w_offset.tif,281.8690185546875,458.1429443359375
2005_1001,2005_1001_rbr_w_offset.tif,132.07931518554688,269.822265625
2017_2361,2017_2361_rbr_w_offset.tif,205.72830200195312,387.8936767578125
2006_746,2006_746_rbr_w_offset.tif,10.785781860351562,181.19491577148438
1998_872,1998_872_rbr_w_offset.tif,-115.73554229736328,341.2461853027344
1989_1071,1989_1071_rbr_w_offset.tif,202.3296356201172,335.2261657714844
2006_699,2006_699_rbr_w_offset.tif,167.89968872070312,324.41796875
1996_528,1996_528_rbr_w_offset.tif,57.503971099853516,421.3787841796875
1996_715,1996_715_rbr_w_offset.tif,260.35833740234375,436.6601867675781
1994_109,1994_109_rbr_w_offset.tif,340.5206298828125,470.98480224609375
2006_723,2006_723_rbr_w_offset.tif,229.4729461669922,377.4048156738281
1995_824,1995_824_rbr_w_offset.tif,235.1610565185547,432.1523132324219
1989_1310,1989_1310_rbr_w_offset.tif,317.03753662109375,472.0159606933594
1990_36,1990_36_rbr_w_offset.tif,234.95994567871094,457.24615478515625
2012_1047,2012_1047_rbr_w_offset.tif,41.80754852294922,251.50941467285156
2006_624,2006_624_rbr_w_offset.tif,-34.133583068847656,379.2134704589844
2002_448,2002_448_rbr_w_offset.tif,-61.065643310546875,361.578857421875
2002_675,2002_675_rbr_w_offset.tif,106.63626861572266,488.8603515625
1998_714,1998_714_rbr_w_offset.tif,130.6454315185547,465.2008056640625
2008_779,2008_779_rbr_w_offset.tif,174.48806762695312,325.53594970703125
2010_875,2010_875_rbr_w_offset.tif,77.15437316894531,231.2552947998047
2003_485,2003_485_rbr_w_offset.tif,327.3542785644531,523.7987060546875
1995_1416,1995_1416_rbr_w_offset.tif,284.22088623046875,463.5111999511719
2017_3699,2017_3699_rbr_w_offset.tif,287.35430908203125,532.117431640625
1998_613,1998_613_rbr_w_offset.tif,339.38543701171875,486.869140625
2020_528,2020_528_rbr_w_offset.tif,190.6864013671875,377.3521423339844
2000_542,2000_542_rbr_w_offset.tif,213.6960906982422,354.603759765625
1989_1266,1989_1266_rbr_w_offset.tif,282.3786926269531,463.15966796875
2003_815,2003_815_rbr_w_offset.tif,320.5096740722656,450.9228515625
1987_12,1987_12_rbr_w_offset.tif,176.23126220703125,322.3310241699219
1990_47,1990_47_rbr_w_offset.tif,102.6400375366211,500.6908264160156
1998_866,1998_866_rbr_w_offset.tif,10.32215690612793,94.77869415283203
1999_390,1999_390_rbr_w_offset.tif,343.8803405761719,476.4389343261719
1998_858,1998_858_rbr_w_offset.tif,246.04476928710938,361.1237487792969
1990_79,1990_79_rbr_w_offset.tif,296.47930908203125,421.2601318359375
2015_1153,2015_1153_rbr_w_offset.tif,273.1842956542969,443.2284851074219
2013_1191,2013_1191_rbr_w_offset.tif,277.5390319824219,462.3463134765625
1999_376,1999_376_rbr_w_offset.tif,156.78067016601562,383.82244873046875
1998_880,1998_880_rbr_w_offset.tif,105.45323181152344,365.2447204589844
2024_498,2024_498_rbr_w_offset.tif,239.2995147705078,355.38409423828125
1988_66,1988_66_rbr_w_offset.tif,303.01214599609375,514.322265625
2011_314,2011_314_rbr_w_offset.tif,252.6188201904297,385.7795104980469
1991_102,1991_102_rbr_w_offset.tif,265.154541015625,424.0855407714844
2018_2018,2018_2018_rbr_w_offset.tif,269.498046875,487.5029296875
1986_56,1986_56_rbr_w_offset.tif,247.8735809326172,455.9739685058594
1998_566,1998_566_rbr_w_offset.tif,233.968017578125,397.29473876953125
2003_728,2003_728_rbr_w_offset.tif,28.832740783691406,390.1842346191406
1995_1180,1995_1180_rbr_w_offset.tif,175.65325927734375,361.5272521972656
2017_1801,2017_1801_rbr_w_offset.tif,292.0450744628906,458.5730895996094
2009_1236,2009_1236_rbr_w_offset.tif,290.6481628417969,395.8201904296875
2003_692,2003_692_rbr_w_offset.tif,-43.655250549316406,447.4718017578125
1992_29,1992_29_rbr_w_offset.tif,59.893653869628906,322.9880065917969
1991_58,1991_58_rbr_w_offset.tif,194.55685424804688,367.0375061035156
2014_937,2014_937_rbr_w_offset.tif,329.1883239746094,478.15887451171875
1989_888,1989_888_rbr_w_offset.tif,147.36793518066406,351.7507019042969
2021_2311,2021_2311_rbr_w_offset.tif,350.5180358886719,546.4744873046875
2002_462,2002_462_rbr_w_offset.tif,-48.56344985961914,334.2271423339844
2012_1053,2012_1053_rbr_w_offset.tif,272.05047607421875,539.7915649414062
1987_49,1987_49_rbr_w_offset.tif,308.39886474609375,500.5966491699219
1987_77,1987_77_rbr_w_offset.tif,188.48304748535156,457.82928466796875
1990_22,1990_22_rbr_w_offset.tif,250.29660034179688,434.38812255859375
1989_1107,1989_1107_rbr_w_offset.tif,320.5045166015625,484.4216613769531
2019_607,2019_607_rbr_w_offset.tif,360.260009765625,542.5677490234375
2017_1564,2017_1564_rbr_w_offset.tif,-91.8653793334961,211.2279052734375
2015_1136,2015_1136_rbr_w_offset.tif,82.71436309814453,273.1902160644531
2006_709,2006_709_rbr_w_offset.tif,189.13034057617188,345.50372314453125
1996_460,1996_460_rbr_w_offset.tif,326.716552734375,551.8206176757812
2003_896,2003_896_rbr_w_offset.tif,2.582244396209717,28.21692657470703
2024_639,2024_639_rbr_w_offset.tif,272.8227844238281,383.7874755859375
1996_499,1996_499_rbr_w_offset.tif,293.5773010253906,432.20904541015625
1992_6,1992_6_rbr_w_offset.tif,-45.43877410888672,404.1744079589844
1989_1325,1989_1325_rbr_w_offset.tif,348.76092529296875,524.2342529296875
1989_1118,1989_1118_rbr_w_offset.tif,260.0367736816406,385.4949951171875
2003_889,2003_889_rbr_w_offset.tif,-0.8223020434379578,25.46985626220703
2000_538,2000_538_rbr_w_offset.tif,107.55347442626953,467.7351989746094
1999_430,1999_430_rbr_w_offset.tif,7.923225402832031,411.505859375
1991_2,1991_2_rbr_w_offset.tif,229.72825622558594,394.857177734375
1992_36,1992_36_rbr_w_offset.tif,-4.760828495025635,15.566246032714844
1991_79,1991_79_rbr_w_offset.tif,148.04161071777344,239.41087341308594
1989_871,1989_871_rbr_w_offset.tif,322.69464111328125,497.6399841308594
2023_1614,2023_1614_rbr_w_offset.tif,303.6925048828125,425.05926513671875
1998_618,1998_618_rbr_w_offset.tif,153.967041015625,396.81170654296875
1988_22,1988_22_rbr_w_offset.tif,160.06356811523438,344.3721923828125
2003_468,2003_468_rbr_w_offset.tif,356.89605712890625,499.16229248046875
1989_948,1989_948_rbr_w_offset.tif,272.0551452636719,486.5902099609375
2009_1217,2009_1217_rbr_w_offset.tif,81.7214126586914,323.6529541015625
1995_1226,1995_1226_rbr_w_offset.tif,168.3112030029297,489.9430847167969
2006_896,2006_896_rbr_w_offset.tif,233.60443115234375,461.42169189453125
1986_49,1986_49_rbr_w_offset.tif,101.95093536376953,347.03680419921875
1988_139,1988_139_rbr_w_offset.tif,291.5837707519531,458.1651611328125
1997_431,1997_431_rbr_w_offset.tif,109.54231262207031,242.24632263183594
2006_870,2006_870_rbr_w_offset.tif,138.51675415039062,219.1703338623047
2011_733,2011_733_rbr_w_offset.tif,282.2926940917969,399.23577880859375
2001_373,2001_373_rbr_w_offset.tif,330.9596862792969,492.6523742675781
1988_47,1988_47_rbr_w_offset.tif,407.9046936035156,558.5985717773438
2009_438,2009_438_rbr_w_offset.tif,257.743408203125,445.3657531738281
1998_879,1998_879_rbr_w_offset.tif,4.437322616577148,156.3996124267578
1987_33,1987_33_rbr_w_offset.tif,381.48052978515625,527.3405151367188
1996_627,1996_627_rbr_w_offset.tif,214.5338134765625,421.9626770019531
2020_537,2020_537_rbr_w_offset.tif,177.15138244628906,517.259033203125
1996_720,1996_720_rbr_w_offset.tif,264.0273742675781,534.5310668945312
2006_692,2006_692_rbr_w_offset.tif,-31.98776626586914,250.0654296875
1999_455,1999_455_rbr_w_offset.tif,-30.989835739135742,425.0773620605469
1995_995,1995_995_rbr_w_offset.tif,230.51913452148438,497.6641540527344
2012_685,2012_685_rbr_w_offset.tif,299.62152099609375,501.7153015136719
2011_551,2011_551_rbr_w_offset.tif,293.8565368652344,477.5828552246094
1988_26,1988_26_rbr_w_offset.tif,54.69213104248047,218.55471801757812
2017_3696,2017_3696_rbr_w_offset.tif,273.57562255859375,479.52410888671875
1995_1419,1995_1419_rbr_w_offset.tif,286.4980163574219,453.43951416015625
1994_36,1994_36_rbr_w_offset.tif,-42.25016403198242,382.0948486328125
2008_291,2008_291_rbr_w_offset.tif,281.9763488769531,440.88775634765625
1999_434,1999_434_rbr_w_offset.tif,319.44573974609375,542.1715698242188
1989_1025,1989_1025_rbr_w_offset.tif,269.8135986328125,476.533447265625
1990_39,1990_39_rbr_w_offset.tif,243.1013946533203,439.80780029296875
1994_106,1994_106_rbr_w_offset.tif,234.66160583496094,367.1678161621094
2021_1898,2021_1898_rbr_w_offset.tif,325.4745178222656,448.4997253417969
1996_678,1996_678_rbr_w_offset.tif,189.11317443847656,391.3371887207031
1996_445,1996_445_rbr_w_offset.tif,46.82776641845703,379.9549255371094
1996_646,1996_646_rbr_w_offset.tif,108.0221176147461,337.84686279296875
2012_667,2012_667_rbr_w_offset.tif,249.81639099121094,423.2129821777344
1996_519,1996_519_rbr_w_offset.tif,99.93632507324219,321.1624450683594
2020_533,2020_533_rbr_w_offset.tif,242.99801635742188,418.7518615722656
2006_696,2006_696_rbr_w_offset.tif,217.7662353515625,353.6991882324219
2015_1071,2015_1071_rbr_w_offset.tif,277.47247314453125,437.6168518066406
1989_1243,1989_1243_rbr_w_offset.tif,205.47415161132812,442.2951965332031
1989_1147,1989_1147_rbr_w_offset.tif,332.9816589355469,506.0418701171875
1990_62,1990_62_rbr_w_offset.tif,272.5678405761719,440.1614685058594
2006_749,2006_749_rbr_w_offset.tif,120.623046875,246.15664672851562
1993_13,1993_13_rbr_w_offset.tif,-43.607337951660156,391.6739196777344
2015_1148,2015_1148_rbr_w_offset.tif,133.9261016845703,261.8050537109375
2013_848,2013_848_rbr_w_offset.tif,38.79539489746094,415.9398193359375
2002_718,2002_718_rbr_w_offset.tif,274.3736877441406,442.06475830078125
2011_737,2011_737_rbr_w_offset.tif,172.39122009277344,369.369873046875
2001_377,2001_377_rbr_w_offset.tif,425.372802734375,557.455078125
1988_43,1988_43_rbr_w_offset.tif,153.91619873046875,291.8016052246094
2015_1991,2015_1991_rbr_w_offset.tif,-15.5714111328125,113.79576873779297
2008_315,2008_315_rbr_w_offset.tif,233.45425415039062,384.1763000488281
2006_892,2006_892_rbr_w_offset.tif,-12.911757469177246,18.05013656616211
1991_119,1991_119_rbr_w_offset.tif,352.6525573730469,477.669677734375
1991_26,1991_26_rbr_w_offset.tif,401.6271057128906,533.6242065429688
2011_433,2011_433_rbr_w_offset.tif,277.0030822753906,471.8309631347656
2006_874,2006_874_rbr_w_offset.tif,183.59036254882812,335.62005615234375
1989_831,1989_831_rbr_w_offset.tif,301.634033203125,455.5852355957031
1994_94,1994_94_rbr_w_offset.tif,307.1706848144531,488.9164123535156
2011_728,2011_728_rbr_w_offset.tif,335.7494201660156,459.124267578125
2005_502,2005_502_rbr_w_offset.tif,241.03916931152344,389.6571044921875
1988_84,1988_84_rbr_w_offset.tif,249.70553588867188,442.29425048828125
1989_1365,1989_1365_rbr_w_offset.tif,290.87274169921875,417.2427062988281
1989_1166,1989_1166_rbr_w_offset.tif,368.3009948730469,518.3222045898438
1998_862,1998_862_rbr_w_offset.tif,4.942763328552246,360.5602111816406
2015_1157,2015_1157_rbr_w_offset.tif,155.3956298828125,283.59320068359375
2017_1738,2017_1738_rbr_w_offset.tif,203.42665100097656,402.0499267578125
2013_1195,2013_1195_rbr_w_offset.tif,307.83233642578125,429.1954650878906
1998_884,1998_884_rbr_w_offset.tif,10.010464668273926,371.4429931640625
1996_602,1996_602_rbr_w_offset.tif,192.84661865234375,418.9133605957031
1995_968,1995_968_rbr_w_offset.tif,171.74349975585938,463.547607421875
1990_26,1990_26_rbr_w_offset.tif,307.45819091796875,496.3675231933594
1990_18,1990_18_rbr_w_offset.tif,325.3946533203125,526.0128173828125
1996_667,1996_667_rbr_w_offset.tif,260.02288818359375,461.3251647949219
2012_724,2012_724_rbr_w_offset.tif,259.0475769042969,431.53662109375
1987_95,1987_95_rbr_w_offset.tif,305.0289306640625,473.0349426269531
2003_892,2003_892_rbr_w_offset.tif,-5.050009727478027,377.40478515625
1996_464,1996_464_rbr_w_offset.tif,73.99356079101562,406.91253662109375
1996_659,1996_659_rbr_w_offset.tif,202.10934448242188,417.2181396484375
2020_372,2020_372_rbr_w_offset.tif,277.1455078125,481.97705078125
2002_665,2002_665_rbr_w_offset.tif,137.20726013183594,307.4279479980469
2015_1035,2015_1035_rbr_w_offset.tif,220.1611328125,352.2227783203125
2014_1475,2014_1475_rbr_w_offset.tif,202.16616821289062,346.8064880371094
1989_1004,1989_1004_rbr_w_offset.tif,331.8487854003906,538.7711791992188
1996_585,1996_585_rbr_w_offset.tif,156.83079528808594,475.3155517578125
2012_1057,2012_1057_rbr_w_offset.tif,6.744378089904785,32.776268005371094
1995_1107,1995_1107_rbr_w_offset.tif,115.1556625366211,451.9382629394531
1989_854,1989_854_rbr_w_offset.tif,327.38848876953125,473.6565246582031
1991_84,1991_84_rbr_w_offset.tif,159.14797973632812,271.8137512207031
2010_883,2010_883_rbr_w_offset.tif,161.93540954589844,417.71063232421875
2011_375,2011_375_rbr_w_offset.tif,362.9303283691406,558.9119873046875
1995_1406,1995_1406_rbr_w_offset.tif,340.41986083984375,498.1112060546875
1995_1203,1995_1203_rbr_w_offset.tif,188.8463897705078,469.4411315917969
1989_1276,1989_1276_rbr_w_offset.tif,323.1383361816406,446.2986145019531
1989_1075,1989_1075_rbr_w_offset.tif,240.75723266601562,401.0638732910156
2020_538,2020_538_rbr_w_offset.tif,101.96185302734375,389.7138977050781
1996_628,1996_628_rbr_w_offset.tif,140.81985473632812,439.1685485839844
1998_890,1998_890_rbr_w_offset.tif,-35.74734115600586,0.04339488223195076
1996_616,1996_616_rbr_w_offset.tif,107.19668579101562,523.5064697265625
2015_957,2015_957_rbr_w_offset.tif,194.74046325683594,440.393798828125
2006_599,2006_599_rbr_w_offset.tif,191.29763793945312,329.569091796875
2006_742,2006_742_rbr_w_offset.tif,38.18562698364258,154.86203002929688
1993_26,1993_26_rbr_w_offset.tif,272.0502014160156,413.0030822753906
1989_922,1989_922_rbr_w_offset.tif,226.40933227539062,394.61700439453125
1988_90,1988_90_rbr_w_offset.tif,169.43621826171875,362.7472839355469
2023_1640,2023_1640_rbr_w_offset.tif,59.33000183105469,347.6138610839844
1988_76,1988_76_rbr_w_offset.tif,215.26776123046875,477.1591796875
1995_1097,1995_1097_rbr_w_offset.tif,118.941162109375,440.2837829589844
2011_438,2011_438_rbr_w_offset.tif,290.1955261230469,456.5434875488281
2011_605,2011_605_rbr_w_offset.tif,387.9683532714844,512.4931030273438
2023_169,2023_169_rbr_w_offset.tif,222.32693481445312,362.04534912109375
1995_1412,1995_1412_rbr_w_offset.tif,40.69295883178711,456.2181701660156
1989_947,1989_947_rbr_w_offset.tif,266.45257568359375,424.7820739746094
2023_1625,2023_1625_rbr_w_offset.tif,-13.246912002563477,476.2425537109375
1988_153,1988_153_rbr_w_offset.tif,0.0,277.01007080078125
2005_492,2005_492_rbr_w_offset.tif,185.41363525390625,327.19744873046875
1995_1113,1995_1113_rbr_w_offset.tif,257.23150634765625,439.7096252441406
1989_1213,1989_1213_rbr_w_offset.tif,229.898681640625,352.4764709472656
2012_1043,2012_1043_rbr_w_offset.tif,159.69183349609375,295.27191162109375
1996_394,1996_394_rbr_w_offset.tif,283.4803161621094,430.7720947265625
1996_549,1996_549_rbr_w_offset.tif,366.39520263671875,551.5581665039062
1999_705,1999_705_rbr_w_offset.tif,324.4207763671875,513.951171875
2002_575,2002_575_rbr_w_offset.tif,48.18424606323242,389.8811340332031
1987_67,1987_67_rbr_w_offset.tif,262.9787292480469,427.68536376953125
1992_9,1992_9_rbr_w_offset.tif,275.8283386230469,463.67169189453125
2024_636,2024_636_rbr_w_offset.tif,285.3103332519531,397.1703796386719
1996_451,1996_451_rbr_w_offset.tif,279.85394287109375,467.02410888671875
1996_652,1996_652_rbr_w_offset.tif,177.6258544921875,401.0069885253906
2019_608,2019_608_rbr_w_offset.tif,228.9194793701172,430.528564453125
1989_1108,1989_1108_rbr_w_offset.tif,309.3658447265625,534.7581787109375
2012_1062,2012_1062_rbr_w_offset.tif,-60.15180206298828,343.8284912109375
2017_2423,2017_2423_rbr_w_offset.tif,101.93803405761719,353.544921875
2017_1452,2017_1452_rbr_w_offset.tif,133.0306396484375,377.8089904785156
1995_906,1995_906_rbr_w_offset.tif,303.13275146484375,485.29925537109375
2017_1689,2017_1689_rbr_w_offset.tif,333.9114074707031,482.9136047363281
2020_347,2020_347_rbr_w_offset.tif,247.45059204101562,458.8243408203125
1996_568,1996_568_rbr_w_offset.tif,265.146484375,458.9481201171875
2021_2320,2021_2320_rbr_w_offset.tif,308.5043640136719,516.1769409179688
2009_1239,2009_1239_rbr_w_offset.tif,143.61358642578125,295.51861572265625
2018_519,2018_519_rbr_w_offset.tif,173.376220703125,370.2615966796875
1994_79,1994_79_rbr_w_offset.tif,338.43212890625,509.37060546875
2006_886,2006_886_rbr_w_offset.tif,256.3255615234375,385.66961669921875
1992_43,1992_43_rbr_w_offset.tif,312.7129211425781,468.49737548828125
1987_8,1987_8_rbr_w_offset.tif,53.6131706237793,238.4385528564453
1988_69,1988_69_rbr_w_offset.tif,237.0012664794922,393.09967041015625
2011_723,2011_723_rbr_w_offset.tif,113.64498901367188,392.5472412109375
2001_363,2001_363_rbr_w_offset.tif,314.24981689453125,471.8327941894531
2024_497,2024_497_rbr_w_offset.tif,255.92417907714844,414.519287109375
1990_90,1990_90_rbr_w_offset.tif,323.1681823730469,475.1759338378906
2002_732,2002_732_rbr_w_offset.tif,24.87161636352539,328.9034423828125
2017_2541,2017_2541_rbr_w_offset.tif,221.58563232421875,383.6203308105469
1998_869,1998_869_rbr_w_offset.tif,6.332713603973389,52.75571060180664
1990_48,1990_48_rbr_w_offset.tif,259.050537109375,492.0967712402344
1989_1054,1989_1054_rbr_w_offset.tif,310.9906311035156,491.9108581542969
1989_1452,1989_1452_rbr_w_offset.tif,289.1261901855469,490.98779296875
2006_682,2006_682_rbr_w_offset.tif,155.43270874023438,294.1950378417969
2020_527,2020_527_rbr_w_offset.tif,224.78579711914062,454.2173156738281
1995_1315,1995_1315_rbr_w_offset.tif,124.05461883544922,246.62608337402344
2021_297,2021_297_rbr_w_offset.tif,124.0754165649414,243.2989044189453
1991_73,1991_73_rbr_w_offset.tif,345.2615051269531,476.9051513671875
1989_845,1989_845_rbr_w_offset.tif,306.4986267089844,452.7872314453125
2017_3698,2017_3698_rbr_w_offset.tif,-20.159133911132812,328.75927734375
1998_612,1998_612_rbr_w_offset.tif,189.33938598632812,345.6678466796875
1988_16,1988_16_rbr_w_offset.tif,-14.878944396972656,208.55441284179688
1995_1417,1995_1417_rbr_w_offset.tif,117.71835327148438,316.181640625
1995_1212,1995_1212_rbr_w_offset.tif,-28.085731506347656,403.192138671875
1996_493,1996_493_rbr_w_offset.tif,369.009765625,566.6475219726562
1989_1112,1989_1112_rbr_w_offset.tif,302.08843994140625,444.0071105957031
1990_37,1990_37_rbr_w_offset.tif,253.33251953125,415.314697265625
2017_1772,2017_1772_rbr_w_offset.tif,255.453125,378.929443359375
2017_2106,2017_2106_rbr_w_offset.tif,273.8499450683594,482.84442138671875
2017_1794,2017_1794_rbr_w_offset.tif,239.9000244140625,403.9092712402344
2002_570,2002_570_rbr_w_offset.tif,-49.88390350341797,350.8260498046875
1999_700,1999_700_rbr_w_offset.tif,30.52875518798828,255.0943603515625
2003_883,2003_883_rbr_w_offset.tif,140.8908233642578,257.787353515625
2000_532,2000_532_rbr_w_offset.tif,4.766670227050781,96.23090362548828
1996_391,1996_391_rbr_w_offset.tif,295.379638671875,467.5833740234375
1998_873,1998_873_rbr_w_offset.tif,345.50994873046875,519.0148315429688
1989_1149,1989_1149_rbr_w_offset.tif,240.3253173828125,495.3218078613281
2006_747,2006_747_rbr_w_offset.tif,149.4217529296875,279.3374328613281
2015_1178,2015_1178_rbr_w_offset.tif,264.8503112792969,362.72576904296875
2002_716,2002_716_rbr_w_offset.tif,137.96109008789062,351.3079528808594
2013_1184,2013_1184_rbr_w_offset.tif,136.31979370117188,378.8287658691406
1998_895,1998_895_rbr_w_offset.tif,320.3644104003906,448.6147155761719
1996_529,1996_529_rbr_w_offset.tif,169.13685607910156,404.6537170410156
2012_669,2012_669_rbr_w_offset.tif,181.4405975341797,329.1221008300781
1996_517,1996_517_rbr_w_offset.tif,205.0471649169922,430.70751953125
2006_698,2006_698_rbr_w_offset.tif,236.71034240722656,330.0137023925781
2020_338,2020_338_rbr_w_offset.tif,152.5880584716797,275.8632507324219
2017_2883,2017_2883_rbr_w_offset.tif,339.6308288574219,465.10479736328125
1998_595,1998_595_rbr_w_offset.tif,-67.19425201416016,370.483642578125
1986_43,1986_43_rbr_w_offset.tif,280.555419921875,393.74603271484375
2001_379,2001_379_rbr_w_offset.tif,319.5479736328125,458.7772521972656
2011_739,2011_739_rbr_w_offset.tif,238.17465209960938,490.7770080566406
1995_1092,1995_1092_rbr_w_offset.tif,254.00579833984375,455.00506591796875
2011_504,2011_504_rbr_w_offset.tif,184.8308563232422,545.64697265625
1988_73,1988_73_rbr_w_offset.tif,273.5586853027344,497.24102783203125
2011_726,2011_726_rbr_w_offset.tif,348.09814453125,514.8693237304688
2001_366,2001_366_rbr_w_offset.tif,7.631096839904785,275.7301940917969
1998_668,1998_668_rbr_w_offset.tif,178.04714965820312,290.13946533203125
2001_380,2001_380_rbr_w_offset.tif,294.6993103027344,472.27685546875
2019_1524,2019_1524_rbr_w_offset.tif,214.86074829101562,422.46148681640625
2018_342,2018_342_rbr_w_offset.tif,285.491943359375,467.10333251953125
1992_46,1992_46_rbr_w_offset.tif,280.7973327636719,469.16259765625
2006_883,2006_883_rbr_w_offset.tif,-71.29842376708984,76.80793762207031
1991_108,1991_108_rbr_w_offset.tif,-11.975842475891113,38.34653854370117
2006_687,2006_687_rbr_w_offset.tif,198.41751098632812,318.740478515625
1989_1457,1989_1457_rbr_w_offset.tif,269.22222900390625,435.85430908203125
1990_73,1990_73_rbr_w_offset.tif,268.2742919921875,486.2345886230469
1989_1156,1989_1156_rbr_w_offset.tif,-63.758880615234375,318.75628662109375
2013_859,2013_859_rbr_w_offset.tif,289.1404724121094,446.14044189453125
2002_737,2002_737_rbr_w_offset.tif,312.5344543457031,462.0143737792969
2006_583,2006_583_rbr_w_offset.tif,193.60076904296875,303.62567138671875
1996_431,1996_431_rbr_w_offset.tif,237.98727416992188,465.2424011230469
2024_492,2024_492_rbr_w_offset.tif,333.2779846191406,459.0930480957031
2002_655,2002_655_rbr_w_offset.tif,349.0377197265625,552.6758422851562
2021_1968,2021_1968_rbr_w_offset.tif,297.52923583984375,435.74871826171875
2006_604,2006_604_rbr_w_offset.tif,197.3846893310547,307.0754699707031
2012_1059,2012_1059_rbr_w_offset.tif,217.08631896972656,415.4849853515625
2009_448,2009_448_rbr_w_offset.tif,287.7769775390625,492.82574462890625
2006_703,2006_703_rbr_w_offset.tif,212.23362731933594,303.57757568359375
1996_657,1996_657_rbr_w_offset.tif,101.49317932128906,384.10260009765625
1996_454,1996_454_rbr_w_offset.tif,253.85891723632812,424.1968078613281
1988_37,1988_37_rbr_w_offset.tif,166.24664306640625,336.23870849609375
1989_985,1989_985_rbr_w_offset.tif,284.36907958984375,477.81280517578125
1995_1408,1995_1408_rbr_w_offset.tif,175.1204376220703,426.4826354980469
1989_864,1989_864_rbr_w_offset.tif,343.15655517578125,542.0919189453125
2021_1169,2021_1169_rbr_w_offset.tif,346.5652160644531,496.51904296875
2005_488,2005_488_rbr_w_offset.tif,242.33163452148438,431.08001708984375
2002_723,2002_723_rbr_w_offset.tif,287.6109313964844,457.5060119628906
1993_16,1993_16_rbr_w_offset.tif,-2.209036111831665,371.8531188964844
2017_2252,2017_2252_rbr_w_offset.tif,355.3752746582031,515.3911743164062
2006_693,2006_693_rbr_w_offset.tif,171.48341369628906,417.2150573730469
2018_2807,2018_2807_rbr_w_offset.tif,95.82142639160156,250.0041961669922
2020_536,2020_536_rbr_w_offset.tif,269.3260192871094,445.5711669921875
2012_662,2012_662_rbr_w_offset.tif,251.70114135742188,398.1185302734375
2000_367,2000_367_rbr_w_offset.tif,266.9566345214844,394.0126953125
2006_871,2006_871_rbr_w_offset.tif,150.38687133789062,241.0010528564453
1998_745,1998_745_rbr_w_offset.tif,39.04572677612305,183.71200561523438
1998_578,1998_578_rbr_w_offset.tif,293.97430419921875,426.55242919921875
2023_159,2023_159_rbr_w_offset.tif,311.530517578125,454.93505859375
2003_708,2003_708_rbr_w_offset.tif,283.0002746582031,509.7997131347656
1994_56,1994_56_rbr_w_offset.tif,259.73388671875,417.77191162109375
1995_1146,1995_1146_rbr_w_offset.tif,290.5295104980469,445.4937744140625
1995_1041,1995_1041_rbr_w_offset.tif,83.38607788085938,463.7492370605469
2015_1994,2015_1994_rbr_w_offset.tif,155.80665588378906,379.43292236328125
2018_2101,2018_2101_rbr_w_offset.tif,236.9263916015625,401.857666015625
2001_372,2001_372_rbr_w_offset.tif,440.4439392089844,530.3851318359375
2011_453,2011_453_rbr_w_offset.tif,257.2933349609375,526.0862426757812
2018_2063,2018_2063_rbr_w_offset.tif,140.7615203857422,458.0386962890625
1994_33,1994_33_rbr_w_offset.tif,247.12384033203125,408.2729797363281
1998_619,1998_619_rbr_w_offset.tif,334.5760803222656,463.3067626953125
2003_469,2003_469_rbr_w_offset.tif,267.1761474609375,482.2243957519531
2003_888,2003_888_rbr_w_offset.tif,84.53248596191406,291.78155517578125
2002_545,2002_545_rbr_w_offset.tif,9.70215892791748,391.57598876953125
2006_729,2006_729_rbr_w_offset.tif,276.1241455078125,421.8132629394531
1996_498,1996_498_rbr_w_offset.tif,152.5400848388672,444.47601318359375
2000_539,2000_539_rbr_w_offset.tif,105.98656463623047,286.7041931152344
2002_641,2002_641_rbr_w_offset.tif,28.507020950317383,419.9198913574219
1996_579,1996_579_rbr_w_offset.tif,274.70947265625,452.45843505859375
2012_1052,2012_1052_rbr_w_offset.tif,5.04717493057251,358.7381896972656
1996_580,1996_580_rbr_w_offset.tif,259.5867919921875,448.4704284667969
2002_686,2002_686_rbr_w_offset.tif,180.05221557617188,312.00946044921875
1996_558,1996_558_rbr_w_offset.tif,306.02276611328125,464.4900207519531
2012_721,2012_721_rbr_w_offset.tif,342.363037109375,495.5943298339844
2017_1780,2017_1780_rbr_w_offset.tif,189.52932739257812,383.87982177734375
1999_714,1999_714_rbr_w_offset.tif,-4.046627998352051,23.826921463012695
2006_708,2006_708_rbr_w_offset.tif,162.47584533691406,311.9829406738281
1989_1305,1989_1305_rbr_w_offset.tif,0.0,0.0
1996_487,1996_487_rbr_w_offset.tif,143.6186981201172,455.5594482421875
1987_76,1987_76_rbr_w_offset.tif,209.52757263183594,379.25335693359375
2009_443,2009_443_rbr_w_offset.tif,334.34490966796875,494.7912292480469
1989_1106,1989_1106_rbr_w_offset.tif,-55.223411560058594,188.8152313232422
2018_1731,2018_1731_rbr_w_offset.tif,173.214111328125,315.83905029296875
1995_1403,1995_1403_rbr_w_offset.tif,347.0862731933594,549.1966552734375
2023_1634,2023_1634_rbr_w_offset.tif,274.1717529296875,430.2744140625
2011_472,2011_472_rbr_w_offset.tif,356.3726501464844,486.2161865234375
1986_32,1986_32_rbr_w_offset.tif,273.44580078125,481.0798034667969
1991_67,1991_67_rbr_w_offset.tif,222.10800170898438,387.3508605957031
1991_59,1991_59_rbr_w_offset.tif,268.6930236816406,419.3929748535156
1992_16,1992_16_rbr_w_offset.tif,285.9996337890625,399.5502624511719
1992_28,1992_28_rbr_w_offset.tif,308.0721435546875,426.59814453125
1995_1102,1995_1102_rbr_w_offset.tif,241.2111358642578,432.7891845703125
1988_81,1988_81_rbr_w_offset.tif,220.49241638183594,474.6177062988281
1998_663,1998_663_rbr_w_offset.tif,320.3045959472656,467.81927490234375
2001_353,2001_353_rbr_w_offset.tif,66.86328125,207.2716064453125
2003_717,2003_717_rbr_w_offset.tif,262.0706787109375,458.34576416015625
1998_581,1998_581_rbr_w_offset.tif,246.368896484375,394.9344177246094
2018_2019,2018_2019_rbr_w_offset.tif,265.9903564453125,465.2850646972656
1986_57,1986_57_rbr_w_offset.tif,254.647705078125,417.9457092285156
2006_888,2006_888_rbr_w_offset.tif,70.42412567138672,188.2666015625
1995_953,1995_953_rbr_w_offset.tif,244.22357177734375,433.8627014160156
2015_1055,2015_1055_rbr_w_offset.tif,243.55029296875,362.38836669921875
2000_543,2000_543_rbr_w_offset.tif,-32.827537536621094,386.539306640625
2020_529,2020_529_rbr_w_offset.tif,150.08026123046875,402.0306701660156
1998_881,1998_881_rbr_w_offset.tif,-4.0783820152282715,451.989990234375
1996_639,1996_639_rbr_w_offset.tif,155.56019592285156,395.59527587890625
2006_588,2006_588_rbr_w_offset.tif,219.26010131835938,368.95404052734375
2003_814,2003_814_rbr_w_offset.tif,153.76705932617188,359.5310363769531
1999_391,1999_391_rbr_w_offset.tif,288.4201354980469,431.7679138183594
1998_867,1998_867_rbr_w_offset.tif,12.539377212524414,52.160648345947266
1998_859,1998_859_rbr_w_offset.tif,133.55914306640625,382.7200927734375
1991_63,1991_63_rbr_w_offset.tif,314.2048034667969,465.3436279296875
1995_1106,1995_1106_rbr_w_offset.tif,100.25043487548828,363.1441955566406
2018_710,2018_710_rbr_w_offset.tif,247.41407775878906,415.4073181152344
1995_1407,1995_1407_rbr_w_offset.tif,301.69873046875,452.8270263671875
2003_671,2003_671_rbr_w_offset.tif,293.4479064941406,457.00457763671875
2011_374,2011_374_rbr_w_offset.tif,319.794677734375,480.3149719238281
1988_38,1988_38_rbr_w_offset.tif,167.00250244140625,303.2220764160156
2010_882,2010_882_rbr_w_offset.tif,184.79446411132812,385.52740478515625
2003_893,2003_893_rbr_w_offset.tif,83.70639038085938,346.82489013671875
2017_2128,2017_2128_rbr_w_offset.tif,114.83740997314453,322.5060729980469
1987_72,1987_72_rbr_w_offset.tif,1.1342560052871704,49.30189514160156
1990_27,1990_27_rbr_w_offset.tif,290.41363525390625,415.8453674316406
1990_19,1990_19_rbr_w_offset.tif,253.05323791503906,445.43646240234375
1998_901,1998_901_rbr_w_offset.tif,387.409423828125,472.99066162109375
1989_1005,1989_1005_rbr_w_offset.tif,374.4764709472656,534.71923828125
2012_1056,2012_1056_rbr_w_offset.tif,259.1387023925781,392.3500061035156
1996_584,1996_584_rbr_w_offset.tif,319.3746643066406,503.6927795410156
2002_664,2002_664_rbr_w_offset.tif,188.47340393066406,317.3226013183594
1996_359,1996_359_rbr_w_offset.tif,277.9906311035156,452.77386474609375
2002_467,2002_467_rbr_w_offset.tif,180.4244384765625,367.3151550292969
1996_562,1996_562_rbr_w_offset.tif,350.3086242675781,554.4208984375
1998_885,1998_885_rbr_w_offset.tif,196.30116271972656,368.346435546875
2002_738,2002_738_rbr_w_offset.tif,252.080322265625,438.8740234375
2013_1194,2013_1194_rbr_w_offset.tif,174.980712890625,361.51239013671875
1987_29,1987_29_rbr_w_offset.tif,384.8547058105469,538.7470703125
1989_1364,1989_1364_rbr_w_offset.tif,361.4682922363281,511.2171325683594
1987_17,1987_17_rbr_w_offset.tif,165.37136840820312,391.46881103515625
2009_320,2009_320_rbr_w_offset.tif,281.8983154296875,429.3515930175781
2006_688,2006_688_rbr_w_offset.tif,219.31744384765625,364.1922302246094
1989_1285,1989_1285_rbr_w_offset.tif,271.0955505371094,389.26629638671875
1996_507,1996_507_rbr_w_offset.tif,301.84954833984375,532.4555053710938
2003_713,2003_713_rbr_w_offset.tif,285.7939758300781,497.885498046875
1994_73,1994_73_rbr_w_offset.tif,106.23785400390625,458.4317321777344
2001_288,2001_288_rbr_w_offset.tif,2.4692506790161133,226.72679138183594
1992_49,1992_49_rbr_w_offset.tif,270.0856018066406,432.63360595703125
1995_1267,1995_1267_rbr_w_offset.tif,95.12747192382812,335.24334716796875
1988_85,1988_85_rbr_w_offset.tif,0.0,0.0
2001_357,2001_357_rbr_w_offset.tif,0.227413147687912,52.62959671020508
2001_369,2001_369_rbr_w_offset.tif,350.6378173828125,477.065673828125
1995_1045,1995_1045_rbr_w_offset.tif,300.6573181152344,529.564453125
2015_1990,2015_1990_rbr_w_offset.tif,257.45751953125,483.2552185058594
1989_928,1989_928_rbr_w_offset.tif,384.3290100097656,510.9046325683594
1988_42,1988_42_rbr_w_offset.tif,226.12594604492188,334.2166748046875
2003_635,2003_635_rbr_w_offset.tif,242.7914581298828,417.2598876953125
2011_736,2011_736_rbr_w_offset.tif,280.82611083984375,454.2413330078125
2001_376,2001_376_rbr_w_offset.tif,254.83084106445312,533.8984985351562
1995_1399,1995_1399_rbr_w_offset.tif,-82.1142807006836,387.666259765625
2011_432,2011_432_rbr_w_offset.tif,368.0513000488281,534.8213500976562
2021_1321,2021_1321_rbr_w_offset.tif,251.75584411621094,444.8019714355469
1998_741,1998_741_rbr_w_offset.tif,198.11891174316406,360.3493347167969
2018_90,2018_90_rbr_w_offset.tif,240.4773406982422,377.2289123535156
2023_185,2023_185_rbr_w_offset.tif,203.55911254882812,348.2667236328125
2006_893,2006_893_rbr_w_offset.tif,178.8082733154297,339.33587646484375
1989_1041,1989_1041_rbr_w_offset.tif,281.4619140625,452.4237365722656
1989_1242,1989_1242_rbr_w_offset.tif,376.06982421875,521.9053955078125
1995_948,1995_948_rbr_w_offset.tif,126.0205307006836,331.08001708984375
2006_671,2006_671_rbr_w_offset.tif,126.17073059082031,273.1836853027344
2020_309,2020_309_rbr_w_offset.tif,222.33253479003906,426.86053466796875
1996_725,1996_725_rbr_w_offset.tif,332.1806335449219,510.10333251953125
1996_526,1996_526_rbr_w_offset.tif,63.989891052246094,151.86083984375
1996_622,1996_622_rbr_w_offset.tif,-57.085121154785156,237.28211975097656
2024_482,2024_482_rbr_w_offset.tif,376.12628173828125,560.7789916992188
2002_727,2002_727_rbr_w_offset.tif,190.02561950683594,413.74072265625
2006_748,2006_748_rbr_w_offset.tif,144.85690307617188,249.85154724121094
2017_1726,2017_1726_rbr_w_offset.tif,196.18687438964844,322.5740966796875
1989_1146,1989_1146_rbr_w_offset.tif,271.691650390625,459.1102600097656
1990_63,1990_63_rbr_w_offset.tif,239.74513244628906,378.0181884765625
1989_1024,1989_1024_rbr_w_offset.tif,266.83892822265625,432.08380126953125
2012_1049,2012_1049_rbr_w_offset.tif,296.5364074707031,418.7860412597656
1989_1219,1989_1219_rbr_w_offset.tif,296.88153076171875,473.9996337890625
2006_614,2006_614_rbr_w_offset.tif,206.62742614746094,388.7013244628906
1999_435,1999_435_rbr_w_offset.tif,292.19293212890625,501.1242370605469
2002_645,2002_645_rbr_w_offset.tif,8.679550170898438,408.89154052734375
2012_704,2012_704_rbr_w_offset.tif,279.4861145019531,468.7401123046875
2002_742,2002_742_rbr_w_offset.tif,238.85110473632812,403.0384216308594
2002_599,2002_599_rbr_w_offset.tif,139.92433166503906,458.31768798828125
1990_38,1990_38_rbr_w_offset.tif,0.0,337.4526672363281
1989_1320,1989_1320_rbr_w_offset.tif,210.3135986328125,404.1726989746094
1989_1123,1989_1123_rbr_w_offset.tif,279.4217529296875,428.8185119628906
1995_1418,1995_1418_rbr_w_offset.tif,321.9930419921875,511.10247802734375
1988_19,1988_19_rbr_w_offset.tif,263.453125,454.5401611328125
2017_3697,2017_3697_rbr_w_offset.tif,-23.487228393554688,-1.4265098571777344
1989_874,1989_874_rbr_w_offset.tif,274.6483459472656,450.39410400390625
1998_868,1998_868_rbr_w_offset.tif,368.4052734375,589.9485473632812
1990_49,1990_49_rbr_w_offset.tif,210.22341918945312,413.1614990234375
2016_1171,2016_1171_rbr_w_offset.tif,166.2906494140625,372.9517822265625
2002_733,2002_733_rbr_w_offset.tif,281.125244140625,477.0038757324219
2024_496,2024_496_rbr_w_offset.tif,326.73583984375,491.35894775390625
2012_672,2012_672_rbr_w_offset.tif,213.15890502929688,411.559326171875
1996_532,1996_532_rbr_w_offset.tif,265.5333557128906,468.24273681640625
2020_526,2020_526_rbr_w_offset.tif,224.23667907714844,409.9129638671875
1999_444,1999_444_rbr_w_offset.tif,311.3928527832031,466.56646728515625
2006_665,2006_665_rbr_w_offset.tif,213.99684143066406,342.57537841796875
1986_58,1986_58_rbr_w_offset.tif,293.9592590332031,454.5526428222656
1988_116,1988_116_rbr_w_offset.tif,324.49578857421875,495.632568359375
2023_177,2023_177_rbr_w_offset.tif,368.2515869140625,459.6723937988281
2001_265,2001_265_rbr_w_offset.tif,363.3172302246094,533.6171875
2001_362,2001_362_rbr_w_offset.tif,274.2100830078125,418.4027404785156
2021_1437,2021_1437_rbr_w_offset.tif,321.80548095703125,532.0011596679688
1988_68,1988_68_rbr_w_offset.tif,297.62249755859375,476.705810546875
2019_1520,2019_1520_rbr_w_offset.tif,199.9038848876953,331.37396240234375
2001_384,2001_384_rbr_w_offset.tif,316.3904113769531,473.41009521484375
1992_27,1992_27_rbr_w_offset.tif,298.490966796875,467.2115783691406
1991_56,1991_56_rbr_w_offset.tif,245.3833770751953,417.1475524902344
1991_68,1991_68_rbr_w_offset.tif,189.59823608398438,363.573974609375
2021_2321,2021_2321_rbr_w_offset.tif,178.6486358642578,313.2121276855469
2019_833,2019_833_rbr_w_offset.tif,267.5666809082031,505.54705810546875
1988_33,1988_33_rbr_w_offset.tif,26.634389877319336,237.68772888183594
2011_399,2011_399_rbr_w_offset.tif,294.7118835449219,456.03857421875
1989_1109,1989_1109_rbr_w_offset.tif,307.8770751953125,514.585205078125
1987_47,1987_47_rbr_w_offset.tif,-34.186561584472656,475.1806335449219
2003_898,2003_898_rbr_w_offset.tif,-1.6818193197250366,29.912158966064453
1996_569,1996_569_rbr_w_offset.tif,43.41952133178711,406.1123352050781
2002_689,2002_689_rbr_w_offset.tif,294.4247131347656,472.23004150390625
1989_1233,1989_1233_rbr_w_offset.tif,326.7116394042969,512.9988403320312
2002_473,2002_473_rbr_w_offset.tif,192.64495849609375,382.34661865234375
1995_918,1995_918_rbr_w_offset.tif,249.29820251464844,491.3742980957031
2012_1042,2012_1042_rbr_w_offset.tif,320.7335510253906,499.0653381347656
1996_590,1996_590_rbr_w_offset.tif,285.7456359863281,512.5576782226562
1987_66,1987_66_rbr_w_offset.tif,240.83229064941406,426.62158203125
2006_718,2006_718_rbr_w_offset.tif,115.53909301757812,285.6473083496094
1995_821,1995_821_rbr_w_offset.tif,260.001708984375,413.7094421386719
2003_887,2003_887_rbr_w_offset.tif,263.70355224609375,429.37982177734375
2011_565,2011_565_rbr_w_offset.tif,207.23936462402344,357.1292724609375
2023_1624,2023_1624_rbr_w_offset.tif,279.3172607421875,430.0058898925781
2003_466,2003_466_rbr_w_offset.tif,258.13580322265625,410.5658874511719
2011_360,2011_360_rbr_w_offset.tif,285.46990966796875,456.0805358886719
2021_1290,2021_1290_rbr_w_offset.tif,312.525390625,524.7276000976562
2021_1495,2021_1495_rbr_w_offset.tif,347.94921875,479.83709716796875
2017_3743,2017_3743_rbr_w_offset.tif,81.99879455566406,442.9911193847656
1989_841,1989_841_rbr_w_offset.tif,256.4183044433594,483.085205078125
1988_152,1988_152_rbr_w_offset.tif,286.5104064941406,494.4527893066406
2005_493,2005_493_rbr_w_offset.tif,307.2135009765625,488.9078674316406
2013_724,2013_724_rbr_w_offset.tif,135.75808715820312,335.3742370605469
1988_77,1988_77_rbr_w_offset.tif,200.48641967773438,409.5618896484375
2009_1242,2009_1242_rbr_w_offset.tif,268.3581237792969,448.26165771484375
1998_695,1998_695_rbr_w_offset.tif,286.8680725097656,411.6761169433594
2006_898,2006_898_rbr_w_offset.tif,113.77405548095703,343.09503173828125
2023_168,2023_168_rbr_w_offset.tif,292.6868591308594,448.0425109863281
2011_604,2011_604_rbr_w_offset.tif,303.5511169433594,417.2720031738281
1995_779,1995_779_rbr_w_offset.tif,218.4467010498047,385.2147521972656
1989_1291,1989_1291_rbr_w_offset.tif,185.13189697265625,380.4856262207031
1996_513,1996_513_rbr_w_offset.tif,54.02699661254883,493.4398193359375
2012_653,2012_653_rbr_w_offset.tif,172.9144744873047,367.1573791503906
2020_539,2020_539_rbr_w_offset.tif,298.79071044921875,448.6287536621094
1999_465,1999_465_rbr_w_offset.tif,191.2410888671875,345.5485534667969
2018_2808,2018_2808_rbr_w_offset.tif,188.233642578125,372.1007385253906
2017_2285,2017_2285_rbr_w_offset.tif,403.3409729003906,522.2160034179688
1989_1277,1989_1277_rbr_w_offset.tif,249.96670532226562,449.23565673828125
1989_1249,1989_1249_rbr_w_offset.tif,254.61325073242188,451.87750244140625
2006_743,2006_743_rbr_w_offset.tif,171.68389892578125,329.03265380859375
1996_414,1996_414_rbr_w_offset.tif,149.688232421875,458.710205078125
1989_1195,1989_1195_rbr_w_offset.tif,182.54449462890625,387.8006591796875
1998_891,1998_891_rbr_w_offset.tif,319.1002197265625,490.6293640136719
