GID,mean_ndvi
2000_532,0.3634282986343635
2001_357,0.2212943372167747
1986_49,0.644026043188394
1986_45,0.6544404817611923
1986_70,0.697543137204307
1987_72,0.6421523987744499
1988_99,0.6061539959263309
1988_96,0.7056907995688854
1988_125,0.6537836939773285
1988_110,0.6693138806702539
1988_120,0.6768043310978875
1988_90,0.7036513313202146
1988_81,0.6922413347686476
1989_1028,0.4312238099965424
1989_885,0.1988503722052553
1989_1156,0.6039639485227593
1989_789,0.6159686616456792
1989_1039,0.6370065611382697
1989_888,0.42845740595562776
1989_1195,0.624052297806266
1989_1255,NA
1989_1169,NA
1989_1088,NA
1989_920,0.14669625151224866
1989_1337,NA
1989_806,0.5303126889968024
1989_1106,0.7079307375589874
1989_1131,NA
1990_47,0.7259177893427885
1990_99,0.6425328281297459
1990_29,0.5907200468776531
1991_108,0.618887762185978
1992_36,0.5587401610730135
1992_30,0.3884674356664573
1992_24,0.577771607671979
1993_13,0.5833981757247706
1993_16,0.5621860207307444
1993_14,0.5666131330416386
1993_15,0.6359931388782433
1994_73,0.6042496166514126
1994_45,0.5872561269435821
1994_110,0.5663791448015547
1994_36,0.5515951485938985
1995_1041,0.520966690810426
1995_1036,0.5391660662537584
1995_1097,0.5286774166551649
1995_1031,0.5853000814846585
1995_1032,0.5762558483507365
1995_1079,0.6126069514382668
1995_1410,0.62506635849835
1995_1009,0.5927339253254703
1995_918,0.574962462450683
1995_983,0.527241531694385
1995_968,0.5547908837727447
1995_996,0.5983163352320169
1995_967,0.6141357929245526
1995_1412,0.6219972821857802
1995_1092,0.551922616230015
1995_1107,0.6221186753002603
1995_948,0.5812245957402711
1995_1415,0.6179522736601807
1995_1018,0.617552205343206
1995_995,0.6349657687421356
1995_1180,0.44795466511414966
1995_1414,0.6363445304078663
1995_1007,0.5887645838907212
1995_1417,0.5795877048122435
1996_487,0.5627382401040891
1996_528,0.6076431358941302
1996_490,0.5669101733595026
1996_464,0.619971631127823
1996_472,0.6061693212555521
1996_575,0.6130556138232883
1996_519,0.6077033073947506
1996_513,0.6053904419140219
1996_587,0.6360808486682478
1996_445,0.5416051972101779
1996_525,0.5471397043891169
1996_551,0.6016385258056604
1996_414,0.6019696767549844
1996_568,0.5774499927828943
1996_569,0.6168975486920166
1996_727,NA
1998_605,0.6392806229149919
1998_660,0.5413053026320455
1998_871,0.6924487273749247
1998_899,0.531633739038117
1998_588,NA
1998_867,0.5495110256576798
1998_597,0.587481595804049
1998_881,NA
1998_595,NA
1998_892,0.6191880233111454
1998_888,NA
1998_874,0.580142013223831
1998_875,NA
1998_896,0.6349996713039957
1998_618,0.585447064251046
1998_885,0.3978956807874713
1998_866,NA
1998_870,NA
1998_890,0.5417784825454051
1998_884,NA
1998_625,0.6114464723772547
1998_879,0.6379188005480064
1998_880,0.6821611434892022
1998_872,0.5411388638894088
1998_610,NA
1998_675,NA
1999_430,0.6022650859576851
1999_435,0.6072928137333379
1999_700,0.6963627477543559
1999_714,0.674172940865141
2000_540,0.6875298928904369
2000_538,0.7378731203579544
2000_539,0.7021018558154095
2000_543,0.7304008716301055
2001_354,0.6803388896858392
2001_314,0.6441957734192854
2001_288,0.5850558958292675
2001_363,0.7343669951851683
2001_380,0.7280360773871646
2001_383,0.7697957984234046
2001_366,0.7227679335978479
2001_382,0.7086202420128167
2001_265,0.6901233353131946
2001_284,0.7468664729701339
2001_374,0.7767022569243194
2001_376,0.7479933226484293
2002_467,0.678052008100492
2002_448,0.5860137098244613
2002_462,0.5953216186888703
2002_732,0.6560087097307307
2002_645,0.6557777542372406
2002_618,0.7232427134986334
2002_545,0.6936068623610578
2002_512,0.6913052288119371
2002_513,0.773334430249161
2002_599,0.7902155845888036
2002_556,0.691838768706325
2002_570,0.7058826737111524
2002_575,0.7408653134178299
2002_579,0.6922864886336466
2002_734,0.7094113000800025
2003_717,0.6078669464447684
2003_898,0.5288887156021321
2003_728,0.6576265919898002
2003_569,0.5272803552295651
2003_896,NA
2003_891,0.6852443349949212
2003_889,0.7727916273420111
2003_893,0.6921567191337534
2003_537,0.7343780779925423
2003_585,0.6121515619174843
2003_892,0.7236304537507735
2005_472,0.6839609395251398
2006_892,NA
2006_886,0.7413910145254438
2006_891,0.6932250855683065
2006_888,0.7197506686284199
2006_894,0.6545960561208514
2007_993,0.4951217492344621
2009_367,0.4759952905256279
2009_1240,0.5511228945281991
2009_1217,0.5275036536847018
2009_1239,NA
2009_1244,NA
2009_410,0.6918054977804251
2010_532,0.5407721376724852
2010_877,0.7267194174701128
2010_878,0.7259204654502376
2010_883,0.6967151049807523
2010_475,0.7127513033333055
2010_487,0.710843277581543
2010_882,0.6662017542535494
2011_739,0.6641202141083616
2011_366,0.6187666197921214
2011_453,0.6384173299820421
2012_1061,0.6685079483974349
2012_724,0.761913613229227
2012_1052,0.6495059698685721
2012_672,NA
2012_654,NA
2012_1062,0.7255038822193511
2012_1057,NA
2012_665,NA
2012_699,NA
2013_1188,0.6028152418343284
2013_749,0.5670357671960586
2013_908,0.580430569580522
2013_702,0.6217270175316614
2013_724,0.6814046617081575
2013_1189,0.70228263088596
2013_848,0.6889343490587094
2013_726,0.6608037593971312
2013_850,0.6848823313823538
2014_891,0.6978414490721927
2015_957,0.6447410958323966
2015_1991,0.5225848012366476
2015_1042,0.5782290199325641
2015_961,0.6899062349310346
2015_1987,0.7031750758095933
2015_1055,0.6802940991290792
2015_1013,0.6992716575394307
2015_914,0.7093376600826591
2015_893,0.7054269131955426
2015_1049,0.6695483253355806
2015_1992,0.7531022572603377
2015_1994,0.5792135823453926
2016_599,0.5897710988250837
2016_600,0.7150818762261317
2016_541,0.6742306154835671
2017_1548,0.6798319534669554
2017_3698,0.7371132692699035
2017_1877,0.7216759760495118
2017_2115,0.7390353503361932
2017_1677,0.7869434952624009
2017_2252,0.763041975489096
2017_3697,0.7847750009003248
2017_1542,0.6877734434095775
2017_1738,0.7560478726094897
2017_1780,0.6865021651528788
2017_1726,0.7472183836021191
2017_1452,0.6746363928783005
2017_1770,0.774339284601
2017_1772,0.7174780613986849
2017_1616,0.8277189193569402
2017_2128,0.7641050491080722
2017_1236,0.7643830875076157
2017_2048,0.7302449519608996
2017_2078,0.7071861271860174
2017_1629,0.7731351591923671
2017_2037,0.5786397449521784
2017_3743,0.7808618698312347
2017_1415,0.7570271288082713
2017_1666,0.77945989074679
2017_3699,0.7553013377397263
2017_1803,0.7041194665054286
2017_1564,0.7514925511979529
2017_1668,0.7695830485713249
2017_1970,0.7456154909591103
2017_1471,0.7410349181522488
2018_2810,0.6661950926864597
2018_2019,0.5980017674752326
2018_1466,0.6371546986888766
2018_342,0.6470113989393812
2018_519,0.6789301541093551
2018_2018,0.5759360452183814
2018_1717,0.7502304363228263
2018_969,0.6123208821284776
2018_1927,0.6617971465110207
2018_2063,0.6840772117698536
2018_710,0.7008680795084233
2018_1946,0.6846544554935836
2018_106,NA
2019_1522,0.6173300971355571
2019_605,0.7331282269572762
2019_607,NA
2019_630,NA
2019_1524,0.6021420536728952
2019_1523,0.45894430787318286
2019_1525,0.681671509036696
2019_608,0.658718295967397
2020_527,0.7002121068870651
2020_536,0.6965911346494115
2020_309,0.7228497722645892
2020_538,0.6689963158804821
2020_539,0.7662349013112123
2020_541,0.638887465767882
2020_528,0.7533322896246376
2020_533,0.6496095251131403
2020_537,0.7557717622381461
2020_347,0.7656885715367618
2021_1197,0.7336062876727927
2021_1968,0.7672745198956729
2021_1619,0.7456635899440756
2021_2317,0.742238290516556
2021_1290,0.7472964533843016
2021_2309,0.7341354638482348
2023_1625,0.6276540198785261
2023_1634,0.7142151001408686
2023_1640,0.6721233609269938
2023_1614,0.5025993728695156
2023_1617,0.6569473975972757
2023_1622,0.5768913760687037
2023_1626,0.7397749795816957
2023_1624,0.7138285722372755
2024_636,0.7211073191830227
2024_650,0.7043704409886221
2024_958,0.7372792073465796
1986_43,0.6101884657056212
1986_58,0.6297533796757304
1986_57,0.6231792958498412
1986_32,0.711992900565814
1987_49,0.6364351248237091
1987_70,0.6187186582786639
1987_77,0.5876412210542837
1987_76,0.6395160093816976
1987_29,0.6990077553557494
1987_33,0.6986006624862227
1987_66,0.6430195636854763
1988_83,0.6102748868316302
1988_86,0.6203361486242336
1988_116,0.6445891436355166
1988_76,0.6707558791683611
1988_47,0.6951804745652551
1988_154,0.560295318478383
1988_98,0.6786459762226037
1988_124,0.7276286151067214
1988_139,0.7148389810308036
1988_93,0.6884402516456596
1988_101,0.7056298060094404
1989_1071,NA
1989_1124,0.26875740127954295
1989_1081,0.30530432959692433
1989_948,0.6150399442520131
1989_985,0.6258920828875417
1989_1342,0.577001821099864
1989_1072,0.5896532837700503
1989_831,0.5975287007287177
1989_1166,0.6747123541472398
1989_1041,0.567554352090221
1989_1123,0.5961946380528401
1989_1147,0.6246026434451672
1989_1190,0.6497522634280932
1989_854,0.6070528248407516
1989_1112,0.6049634814564255
1989_928,0.6840722852253903
1989_1365,0.6777256816080075
1989_1155,0.6138330114596777
1989_965,0.6545473648990632
1989_1236,0.6731616133601425
1989_1069,0.638099823370078
1989_1004,0.604339663085445
1989_1005,0.6741191165781675
1989_1266,0.6900817830395636
1989_1033,0.6047318630083831
1989_878,NA
1989_1234,NA
1989_1025,0.7308761138307769
1989_1274,0.6151391060071595
1989_841,0.6838905990892529
1989_1249,0.68412013234543
1989_1024,NA
1989_947,NA
1989_1368,0.7358752516951726
1989_1352,0.7009749533621333
1989_1219,0.7189948531370888
1989_874,0.7249486048205652
1989_1118,0.7386924575969817
1989_1305,0.7032465944538058
1989_1305,0.6988330302930402
1989_1107,0.695313559248929
1989_1109,NA
1989_1047,0.6710529439495009
1989_1075,0.7294884863363975
1989_894,0.5783236078134719
1989_1377,0.6424850196555196
1989_1319,0.6119624053921172
1989_1291,NA
1989_1078,0.6547614719968767
1989_1186,NA
1990_90,0.6836581521580023
1990_79,0.6060400451195997
1990_73,NA
1990_71,0.6893771164408595
1990_39,0.6562320754610453
1990_24,0.7337863980428195
1990_100,0.594702065577163
1990_61,0.6007049100233679
1990_9,0.7165714243901181
1990_98,0.5481485254175532
1990_37,0.685077971846301
1990_27,NA
1990_63,0.6226931681090752
1990_26,0.7464745470482804
1990_22,0.6819361005906454
1991_98,0.6136739331463417
1991_109,0.4695941590650679
1991_87,0.679370010235612
1991_131,0.6607681421013994
1991_70,0.7018741185652275
1991_84,0.606409939817837
1991_56,0.6813798958848865
1991_26,0.7350067355246653
1991_59,0.7053922904188552
1991_67,0.7381089977341042
1991_65,0.7202124898512426
1992_28,0.5928140898567699
1992_34,0.34029083786756753
1992_49,0.5316261732553782
1993_11,0.6381890311034509
1993_26,0.5777148464637176
1994_56,0.6041114633463803
1994_106,0.6196793666784389
1994_79,0.5832864372425492
1994_94,0.589162324824713
1994_87,0.5776373188398972
1994_20,0.6061469150188248
1994_86,0.5900638285814264
1994_33,0.615652925463807
1994_55,0.6355451420448983
1994_109,0.6323872293182905
1994_105,0.6417279851090917
1995_1054,0.5773278326188699
1995_1033,0.5758127103942569
1995_1069,0.5873014808256555
1995_1420,0.6178562884945635
1995_1408,0.5218090356067948
1995_1409,0.6145830841193839
1995_1419,0.5990117152839105
1995_1407,0.6062882213997622
1995_821,0.4771773119463732
1995_779,0.4794741865099328
1995_860,0.5382999873464549
1995_988,0.6131728314765595
1995_807,0.5480895605002774
1995_955,0.6148204769756568
1995_1406,0.6625139539848466
1995_1416,0.6493174815222933
1995_1026,0.6051492532469678
1995_1113,0.5790989753789586
1995_1053,0.6005240584593051
1995_1403,0.6166401769991031
1995_848,0.5705801952198986
1995_1045,0.6605806858289938
1995_902,0.6254613756803729
1995_886,0.6142686033815004
1995_1418,NA
1995_1400,0.7630174485542617
1996_429,0.5629223556062748
1996_507,0.5848338478973922
1996_493,0.5851116106688414
1996_431,0.5506498235363293
1996_438,0.568020929956459
1996_451,NA
1996_460,0.5643292499650213
1996_532,0.6321047638865307
1996_494,0.5986337970641543
1996_583,0.6211294596083874
1996_723,0.5308985185423195
1996_391,0.5059528348539899
1996_427,0.5901199205455647
1996_437,0.6298539063426081
1996_442,0.5777309925053195
1996_454,0.5885547445061683
1996_469,0.5931990588203006
1996_499,0.6273536167504946
1996_544,0.5962936143704227
1996_459,0.6611263016767311
1996_558,0.6382983122805611
1996_561,0.5891681814776358
1996_580,0.5544962578438781
1996_411,0.6206277106403204
1996_388,0.5241756916869397
1996_394,0.21801988517674747
1996_396,0.5629217193879911
1996_725,0.680373766600814
1996_359,0.6110080156396701
1996_364,0.6295343266228798
1996_383,0.6667842790901842
1998_860,0.6248801636536898
1998_651,0.5665051203298058
1998_895,0.5804612961555567
1998_583,0.5276525399379415
1998_889,0.5365999998109109
1998_901,NA
1998_612,NA
1998_619,0.5905478310685927
1998_613,0.6438089461816398
1998_868,0.5714410598543689
1998_882,0.6573347494630912
1998_650,0.4301918587869955
1998_873,0.5961198557890163
1998_883,0.6815875972741048
1998_894,0.5610474151324562
1998_663,NA
1998_858,0.5490510579725121
1999_376,0.29911519358829236
1999_444,0.4763223613091457
1999_437,0.6172762799413125
1999_386,0.5336934136057062
1999_434,0.5664786269395793
1999_433,0.5460771143387253
1999_429,0.5905583526307165
1999_406,0.5942372443956475
1999_705,0.6238067138113735
1999_390,0.5855840253219984
1999_465,0.6210483737616902
1999_389,0.5684478911130392
1999_702,0.631332191268634
1999_706,0.6568297976215032
1999_712,0.6724683745599606
2000_367,0.5095247449507132
2000_335,NA
2000_371,0.7644072180602232
2000_542,0.6615701410008107
2001_377,0.6708708705827187
2001_369,0.6866788053375834
2001_361,0.6747843555021337
2001_365,0.6899274919418648
2001_372,0.7166545785813914
2001_373,0.7027710640092668
2001_362,0.7142007205558918
2001_371,0.7050501554669781
2001_384,0.7128417741614704
2001_378,0.6736753656551642
2001_379,0.6715825944980904
2001_381,0.7405430917026696
2002_733,0.5878847973190221
2002_718,0.7180674134763935
2002_731,0.6840471210970166
2002_742,0.589057781791012
2002_730,0.6177998627644468
2002_473,0.5766620108733695
2002_724,0.7291897023991607
2002_735,0.6277123804784273
2002_727,0.770929441301463
2002_566,0.7918358596266388
2002_566,0.8020713515185319
2002_559,0.7605252296848491
2002_584,0.7495639416787027
2002_737,0.6966108309773894
2002_738,0.6911636553827276
2002_517,0.722115821416571
2002_563,0.7658344544197265
2002_563,0.7486408259476366
2002_454,0.7237829583307928
2002_664,0.6531216048256127
2003_441,0.5878895286860526
2003_466,0.5082203025917316
2003_635,0.6510947699714643
2003_542,0.5762375845003107
2003_666,0.6778583478589163
2003_671,0.7556918836174416
2003_887,0.6877812201127482
2003_894,0.624799285782285
2003_468,0.7294047868923244
2005_427,0.683201471196207
2005_463,0.6500951963082363
2006_503,0.6941837339566135
2006_896,0.6368239268159014
2006_893,0.7209564901498505
2006_614,0.6709174045933383
2007_273,0.6044947909690622
2007_273,0.5847172525951546
2008_291,0.60908164936903
2009_320,0.4696480972855236
2009_1236,0.5984174007179949
2009_1242,0.5508933041035677
2009_438,NA
2009_1241,0.5978829693480717
2010_531,0.5893219073730038
2011_314,0.5168877196896914
2011_323,0.5497409556191688
2011_736,0.6323732908145601
2012_1059,NA
2012_1053,0.649330804247656
2012_1050,0.5875023762326265
2012_1049,0.7270158798457129
2012_1058,NA
2012_634,0.6689505236754675
2012_660,0.6630973013954417
2012_604,0.6362181793195736
2012_1060,NA
2012_662,0.5897912850509295
2012_667,0.6195497537362628
2012_697,NA
2012_721,0.7826525320112365
2012_653,0.7232991644705248
2013_859,0.673835185401999
2013_1185,0.6242454277275322
2013_907,0.5573727911520138
2013_728,0.6051959240022636
2013_804,0.6155423355759825
2013_1192,0.5964661014987319
2013_1194,0.6748053961362326
2013_1195,0.6620596509133626
2013_744,0.6950508980719365
2013_904,0.6839523886429746
2013_933,0.7022910314455615
2013_1186,0.7081158378507453
2013_1191,0.7177701829778799
2013_800,0.7017829622382596
2013_1193,0.7220655092347903
2013_851,0.6535046227784808
1986_56,0.5894360656826413
1986_54,0.5538690886045591
1986_60,0.5996019603556662
1987_101,0.5505136327789211
1987_95,0.4682741979017654
1988_75,0.6173828883763619
1988_144,0.6031967015882594
1988_152,0.6004035610332673
1988_153,0.6991096242750537
1988_153,0.7356353108102287
1988_145,0.666074885745095
1988_92,0.6933948512739834
1989_1213,NA
1989_845,0.5598471271539172
1989_1364,0.5478616750716016
1989_869,0.5889494823205966
1989_1329,0.6028967218597003
1989_871,0.6804932878124715
1989_926,NA
1989_1310,0.5792499541952243
1989_1452,NA
1989_922,0.4887343056213955
1989_922,0.5506618584305003
1989_1016,0.6983281398815527
1989_1302,NA
1989_1313,NA
1989_945,0.6752899951590202
1989_1100,0.6137218916676016
1989_1149,0.733304723989248
1989_1233,0.6607000946420216
1989_1303,0.6699834894343455
1989_867,0.6976821727791158
1989_1108,0.7264196795467582
1989_1457,0.6146668704226727
1989_1242,0.6861066426733993
1989_864,0.6623030682198775
1989_1243,0.6320951459662743
1989_1054,0.6742688423454138
1989_1084,0.03660405472622387
1989_1357,0.5533551895685408
1989_798,0.6725877628484873
1989_1050,NA
1989_1376,NA
1989_1465,NA
1989_1325,0.7064307988506088
1989_1320,0.6200781370678742
1989_1146,NA
1990_36,NA
1990_72,0.6487526643637516
1990_50,0.6633291665454643
1990_62,0.6880154206880432
1990_48,0.6913594803817152
1990_89,NA
1990_74,0.6968108190380424
1990_75,0.6416360841760573
1991_82,0.6227170536615676
1991_102,0.5552971727760181
1991_120,0.6012357322560753
1991_73,0.7064065323289138
1991_105,0.7000273635072037
1991_119,0.6782584282456975
1991_79,0.6577465601201746
1991_44,0.7258655936295513
1992_16,0.5945234185826411
1992_21,0.5676582305183345
1992_46,0.5738209382201506
1992_27,0.4462146554293728
1992_43,0.5683863935821426
1992_50,0.444272333300602
1992_41,0.563623516995243
1992_40,0.48859046199418255
1995_1405,0.6162121195366427
1995_824,0.510301109718744
1995_1164,0.6290505989094236
1995_906,0.4790488328188854
1995_953,0.4001897291227115
1995_869,0.4311730284718554
1996_357,0.5515855217345184
1998_561,0.5771863829465855
1998_578,0.5710974049690137
1998_581,0.6341275870377602
1998_893,0.6940052715855551
1998_593,0.5608322136669424
1998_566,0.5083303254778544
1998_891,NA
1999_391,0.6203826805840733
2002_536,0.7140689006219118
2002_465,0.7588513763838525
2002_550,0.68766491983212
2003_895,0.5763865414255764
2003_1440,0.5614847664329551
2003_469,0.5115584395396335
2003_532,0.5723017118367915
2003_485,0.755979422184113
2003_501,0.7112770003113821
2003_518,0.7205115808188812
2006_588,0.7100344739034271
2011_374,0.6646577366645189
2011_433,0.6322362099606659
2011_399,0.6038299860962266
2011_438,0.6775184234168228
2011_507,0.7071241240606936
2011_373,0.6681734516808566
2011_360,0.6087322420201834
2011_375,0.6743280488053216
2011_377,0.5823178173579607
2011_379,0.6498202735421894
2011_356,0.7173888537515772
2011_368,0.6607811314222095
2011_432,NA
2011_606,0.6126061684410578
2011_411,NA
2011_605,0.6723571035242616
2011_423,0.7208734792382436
2012_805,0.6326373246835375
2012_655,0.7171278614691351
2012_671,0.719360998662714
2012_685,NA
2014_937,0.6403141881667729
2014_787,0.6523945461449743
2015_1993,0.5772385755876197
2015_931,0.6531363286536586
2015_1071,0.664224421272442
2015_1085,0.6353027230222532
2015_1035,0.5536022523812631
2015_1990,0.6657644755162351
2015_1036,0.6769215016664396
2015_1153,0.7073111594140942
2015_1988,0.6548954188699582
2017_1794,0.7628138027495958
2017_1689,0.7868514676788161
2017_1286,0.7462831572536347
2017_1801,0.7602715849795195
2017_1853,0.7672386827311362
2017_1964,0.7588277399044655
2018_772,0.6529941909410607
2018_524,0.6785210289949573
2018_252,0.712141429186695
2018_495,0.6742787929160923
2018_90,0.7054681765822705
2021_1631,0.7660636401845324
2021_1169,0.7803801635961447
2021_2311,0.7355299066637107
2021_1898,0.7853836941594854
2021_1437,0.746034268470689
2021_2320,0.5278841711503566
2022_254,0.4231649958668504
2023_169,0.6832670247413776
2023_186,0.6798931530288989
2023_189,0.6945254186215241
2023_168,0.665385609769557
2023_185,0.6439074958387832
2023_213,0.7142582817165462
2024_492,0.6834092553223052
2024_482,0.7899367403040565
2024_484,0.7242274707923098
2024_473,0.7493913838574462
2024_495,0.7426101991742682
2024_497,0.7536214363881801
2024_467,NA
2024_496,0.7249153723547207
2024_498,0.7529289884990519
2024_462,0.7490573711254115
2024_501,0.7522047355957605
1987_8,0.42107010185307425
1988_9,0.4007215813306804
1988_20,0.5468026390040989
1988_16,0.7629725986007655
1992_6,0.5447280561908354
1995_1192,0.5273887626596564
1995_1203,0.6051478638655327
1995_1397,0.5782908939226754
1995_1212,0.4962039801334024
1995_1226,NA
1995_1235,0.25834112628559913
1995_1267,0.6486386237904176
1996_622,0.621414825108694
1996_630,0.42433450969026704
1996_646,0.6623154900853079
1996_665,0.4465070048444459
1996_670,0.6524283853664197
1996_675,0.4503711922008861
1996_585,0.5559279232528955
1996_614,0.6290232014997721
1996_625,0.5377489457031982
1996_596,0.6289667061883638
1996_602,0.6079931596086207
1996_651,0.5791275913301047
1996_654,NA
1996_660,0.6601511353306231
1996_616,NA
1996_628,0.4966642422052101
1996_671,NA
1998_737,0.480983665670135
1998_745,0.6068705611496966
1998_722,0.5224687791626693
1998_714,0.37145818207417985
1998_862,NA
1998_854,0.7309851343834928
1998_851,0.7967348269194372
2001_353,0.4590731735425662
2002_714,0.4544990493135088
2002_691,0.5210843524210403
2003_814,0.6303041036410323
2003_782,0.5906043187237462
2005_598,0.8381831802156738
2006_878,NA
2006_883,0.701680215573092
2006_724,0.780575623040029
2006_872,0.7714708240687492
2006_879,0.793763433387381
2006_880,0.7942164008803987
2006_898,0.7434075138088984
2006_877,0.7663480493345182
2006_714,0.807123634564341
2006_881,0.7745072160368663
2006_708,0.7344825256677447
2006_686,0.7088914041417425
2006_659,0.7797524016367174
2006_882,0.7589644421073822
2006_671,0.7278276991803773
2006_750,0.8011165200518288
2006_701,0.7485955945595145
2006_700,0.7315211437264612
2006_710,0.7919692920767848
2006_725,0.7767634125522561
2006_870,0.7895141401844055
2006_871,0.7737836654822992
2006_693,0.7827555334939974
2006_682,0.7471563238530311
2006_709,0.7177592477869509
2006_680,0.757392936631053
2006_687,0.7157378893596295
2006_698,0.7317746537528329
2006_699,0.731056856323459
2006_703,0.7699214931736349
2006_723,0.7446444444213078
2006_873,0.7884955893419937
2006_749,0.7969064247509867
2007_492,0.48450413607825815
2008_315,0.6961650306651606
2011_727,0.5969698363672485
2011_565,0.8620264365766607
2012_1047,0.756423234381973
2016_1171,0.6204506442716995
2017_2475,0.7441888120934153
2017_2883,0.808286301919162
2017_2528,0.6696042140570666
2017_2541,0.6235724767006807
2017_2423,NA
2018_598,0.7271651901598087
2018_1035,0.7644222913632138
2018_1598,0.7064526522570332
2019_833,0.7400954477204207
2019_1517,0.6976829271734679
2020_372,0.8617026394592541
2021_2322,0.731388975044899
2021_2319,NA
2021_1321,0.6412248517353337
2021_2326,0.7647375459553426
1987_17,0.416438662454955
1987_12,0.4859440261213644
1988_22,0.33361230993293334
1988_19,0.6510753784539908
1989_1264,0.5808502786930126
1992_9,0.5219991356569196
1995_1182,0.543866559983427
1995_1230,0.6098985952360281
1995_1210,NA
1996_716,NA
1996_717,0.5898748880903477
1996_600,0.5916581500018275
1996_605,0.592412017359922
1996_720,NA
1996_639,0.623853532926062
1996_678,0.5538055620274644
1996_586,0.5810756853597886
1996_590,0.6291561411475081
1996_597,0.6009724605589626
1996_604,0.5872406143454117
1996_650,0.6264170744018043
1996_652,0.5575749637137029
1996_667,0.6244163487300486
1996_668,0.5354465934449866
1996_659,0.5441394108525768
1996_674,NA
1996_584,0.5632431766538616
1996_615,NA
1996_627,0.6321817093916527
1996_719,0.6129455805586731
1997_431,0.417284305862326
1998_741,0.442914460951702
1998_695,0.3643212844509317
1998_698,0.4749773563096667
1998_859,NA
1998_855,0.683098984040372
1998_853,NA
1998_845,0.7753706255113956
1999_698,0.6429171879142604
2002_686,0.7696757583756345
2002_689,0.8218838094051958
2003_807,0.6737018136977337
2006_681,0.769599251111714
2006_702,0.7719992644058606
2006_688,0.7855728104601353
2007_380,0.5862542080487781
2011_730,0.587418048439463
2011_568,0.8138980666323601
2012_747,0.7979596367653682
2012_1051,NA
1996_657,0.4676816306671252
1996_635,0.6069593307562783
1996_640,0.6861550306872709
1998_732,0.4939434019855858
1998_746,0.7655288210268653
2005_488,0.620862338646206
2005_493,0.7049708443580639
2005_511,0.23785945433525063
2005_515,0.7240986957943357
2005_502,0.6829339476760773
2005_492,0.6636688073670115
2006_696,0.782483928637689
2006_665,0.7950838405541477
2006_676,0.7456380619538787
2006_751,0.7708448087270412
2006_692,0.7018104936061899
2006_690,0.6978144507362094
2006_747,0.7774923516678086
2006_677,0.717912971584167
2006_874,0.8058575158293734
2006_748,0.7538673234416836
2011_551,0.7500148383805157
2011_542,0.7669832293146945
2011_557,0.7205698612687482
2021_1353,0.6734855861601593
2021_1890,0.6535080370159442
1987_47,NA
1988_66,0.6871319029577617
1989_881,NA
1990_21,0.4666034108416829
1992_29,0.4095784288323147
1995_1121,0.40625243133247946
1995_1106,0.4800832995610494
1995_1108,0.5656634229492752
1995_1220,0.5316000612371475
1995_1232,0.6569987271242332
1995_1404,0.638676693883474
1995_1048,0.6044424558802254
1995_1165,0.6521075948743166
1996_598,0.6470147254105175
1996_498,NA
1996_588,0.6234175498304415
1998_674,0.6671714573716558
1998_865,NA
1998_869,0.68291551068236
1999_455,0.7589246108858835
2001_367,0.6131996027206299
2001_364,0.7072117406352635
2002_641,0.77242321938533
2003_750,NA
2003_735,0.5949271264474348
2003_713,0.5029266553968373
2003_692,0.6363754052029584
2003_888,0.5852450569140945
2006_624,0.683445506315063
2008_779,0.6028692503120656
2009_448,0.5876886943319439
2010_546,0.6887524568008754
2010_876,0.5963636958853968
2011_504,NA
2011_731,0.7480502464615754
2011_737,0.655499043750688
2011_742,0.6962167993930367
2012_1042,0.4934367961541261
2012_1055,0.7768955829503428
2013_1187,0.5097101247887865
2014_1295,0.7539214043507255
2015_1136,0.5292317105811044
2015_1091,0.7182842676249686
2016_1174,0.7444941507848417
2017_2285,0.7569793213236712
2017_2059,0.7474283521313286
2017_3695,0.757651803840451
2017_2120,0.6808606483044103
2017_3696,0.7507108077513263
2017_2106,0.7237537220247814
2017_2197,0.6828432224765194
2017_3694,0.5387751782086678
2018_2811,0.709936809959057
2018_1804,0.7063335860580838
2018_1731,0.8074017977048958
2018_2808,NA
2019_1520,0.5655007591702366
2020_529,0.7121542506039321
2020_338,0.7364973149480957
2020_531,0.7604885576747248
2021_2318,0.5386428069760621
2021_2312,0.2978274698649756
2023_1627,0.6767098822230246
2024_639,0.7260454411654553
1987_30,NA
1987_67,0.6446674894305272
1988_69,0.6283457580421689
1988_51,0.6041381908362876
1988_68,0.645823279104371
1988_60,0.7839922782537523
1988_97,0.6162049158581397
1989_1161,0.6705654343974423
1989_1276,0.710555301657535
1989_1285,0.6181602285754658
1989_905,0.6999737840799273
1990_49,0.5728662623049835
1990_11,0.7142940605321173
1990_19,0.6111121517122055
1990_18,0.7102798752647795
1990_38,0.6868719376139711
1990_38,0.673844792657527
1991_55,0.7069437705159356
1991_68,0.6987790111428805
1991_63,0.6981958827749657
1993_6,0.6186604320041561
1993_10,0.5963909506526653
1993_8,0.632427618186452
1994_43,0.6129616300186271
1995_1102,0.5825467086292294
1995_1146,0.6158322813287411
1996_517,NA
1996_526,0.5292579407193448
1996_529,0.647080531403746
1996_526,0.5243982600333315
1996_540,0.6649901766179461
1996_582,0.6534693263895796
1996_537,NA
1996_562,0.6186869073340974
1996_579,0.6403261637973042
1996_549,0.6477056424434725
1996_511,0.5820950049896361
1996_564,0.614394992998097
1998_668,0.7152572423821585
1999_453,0.5449771015656639
1999_432,0.5799793794687949
1999_432,0.5903443745783102
2000_386,0.6523898195935047
2002_723,0.6662603362483388
2002_623,0.7243655688980243
2002_655,0.7538180439451685
2003_708,0.6370735719572079
2006_729,0.6327724225847431
2009_430,0.6264035831912054
2009_443,0.6355260799162146
2011_733,0.61685121469366
2011_741,0.7241046630086001
2011_740,0.5994277852700151
2011_454,0.48437660149180767
2011_726,0.735062532913136
2012_1054,NA
2012_1056,0.6743624791972664
2012_704,0.7438979747461395
2013_1184,0.5771966157507828
1986_40,0.5700482005885589
1988_85,0.5280671879252146
1988_85,0.5611375391635457
1988_64,0.6292395422479464
1988_65,0.6307892949131124
1988_61,0.5385164318851894
1988_77,0.5568256115347355
1988_82,0.5048884581124512
1988_84,0.5515068936405767
1988_73,0.6775714087845272
1988_94,0.6900174614418022
1988_94,0.7016626566516577
1989_849,0.6770898337217249
1989_1037,0.6457203008588155
1989_964,0.648921288911462
1989_1326,0.6801375211046626
1989_1277,0.6598835481313479
1990_25,0.6845630947318923
1991_58,0.6986758543274637
2006_622,0.6172079954926571
2006_580,0.6992506895350491
2006_617,0.7041626885403354
2006_599,0.6915367650535665
2006_604,0.7277858717428127
2006_583,0.7268400416407369
2011_599,0.6745187809434353
2011_604,0.6580878774066133
2011_513,0.6963409903231987
2011_483,0.7061455055104222
2011_472,0.7373603004156539
2011_446,0.6376302845282481
2011_455,0.6975379180473943
2012_686,NA
2012_669,NA
2012_669,NA
2018_913,0.6074774841508224
2018_913,0.5519412698020959
2018_2101,0.666642010965759
2021_2328,NA
2021_1637,0.7524772677836478
2021_2225,0.6863007539594552
2021_1495,0.7477206215681861
2021_1066,0.6211172015786157
2023_171,0.7009910240513784
2023_177,0.7460858227986168
2023_159,0.6727702421912088
2023_201,0.6740877201169622
2023_175,0.7329302470863417
2023_174,0.6254848622942522
1988_41,0.6301809562962599
1988_40,0.6167046337528137
1988_33,0.5509589992812766
1988_37,0.5964001957630239
1988_26,0.6546076000636613
1988_30,0.5614910203554458
1988_34,0.5852748063114954
1995_1322,0.6845083526026501
1995_1276,0.6700465796039954
1995_1399,0.6944967200903402
1996_656,0.6826069055093293
1997_338,0.6178360055165546
2002_675,0.7588817553905317
2002_665,0.7632577434868801
2010_875,0.5420991210089059
2011_728,0.7970509297883904
2011_725,0.7809390953602676
2012_776,0.5803525977545754
2012_1043,0.6911100200460633
2012_1041,NA
2014_1475,0.6994658293720025
2015_1140,0.5940905932938854
2015_1145,0.5076969371166463
2015_1157,0.5706481347912423
2015_1148,0.6310014935619607
2015_1178,NA
2017_2361,0.6993453400177415
2018_2807,NA
2018_403,0.7806639228309439
2019_1238,0.6252550307105434
2020_526,0.6463648847264192
2021_2306,0.5811347281248637
2021_2316,0.5703547702311108
2021_2313,0.7503760491831336
2021_1988,0.7974686716473156
2021_1303,0.6392183869784007
1987_31,0.59566750675449
1988_38,0.6330045673470667
1988_43,0.5877712436494285
1988_42,0.6452093642557262
1994_10,0.6564513683651348
1995_1205,0.5892258806235915
1995_1241,0.5811226202765117
1995_1255,0.6396535975308784
1995_1250,0.5773866068231933
1995_1271,0.6264559366617636
1996_715,0.6898977314961299
1996_644,0.6714317871804854
2002_716,0.4993457109262574
2003_883,NA
2003_815,NA
2006_885,0.6637540794545185
1986_11,0.5086302290854133
2013_929,0.6462210796230778
2018_3146,0.7030095111893209
2018_736,NA
2018_736,NA
2021_2321,0.6610964876659691
2021_297,0.5956092114875268
2021_2223,0.6668394913613123
2021_277,0.5036933561391054
2021_277,0.6661190333164387
1995_1327,0.8057749519743469
1996_683,0.6287014193686518
2005_599,0.8514998017946326
2005_1001,0.8153664068526876
2005_530,0.7652567437118274
2006_742,0.8311941203217162
2006_745,0.772078781333972
2006_718,0.7935977378032328
2006_744,0.8004857476636595
2006_746,0.8124910157719418
2006_743,0.796029134191179
2011_723,0.8616945162777864
2011_724,0.8223199374979423
2012_795,0.8111845432493107
2018_561,0.8187393828690412
2023_1633,0.7775247540802875
2024_651,0.6823553299857653
1991_2,0.7846204181765002
1995_1315,0.5250274714213982
1995_1317,0.5229639103605994
2021_1204,0.6270048165555937
2021_1573,NA
